ReaderGroup,Reader
Break- Bittner Female,511 MVGE
Break- Bittner Female,512 MVGES
Break- Bittner Female,520MV1ER
Break- Bittner Female,516MVGDeck
Break- Bittner Female,517MVGPat
Break- Bittner Female,521MV1MLob
Break- Bittner Female,710 Bit GL
Break- Bittner Female,711 Bit GL
Break- Bittner Female,712 BitGLH
Break- Bittner Female,713 BitGRI
Break- Bittner Female,714 Bit GR
Break- Bittner Female,720 Bit1
Break- Bittner Female,721 Bit 2L
Break- Bittner Female,722 Bit 2L
Break- Bittner Female,723 Bit 2R
Break- Bittner Male,511 MVGE
Break- Bittner Male,512 MVGES
Break- Bittner Male,516MVGDeck
Break- Bittner Male,517MVGPat
Break- Bittner Male,520MV1ER
Break- Bittner Male,521MV1MLob
Break- Bittner Male,710 Bit GL
Break- Bittner Male,711 Bit GL
Break- Bittner Male,714 Bit GR
Break- Bittner Male,716 Bit L
Break- Bittner Male,717 Bit 1L
Break- Bittner Male,718 Bit R
Break- Bittner Male,719 Bit 1
Break- Bittner Male,720 Bit1
Break- Bittner Male,724 Bit 3L
Break- Bittner Male,725 Bit 3L
Break- Bittner Male,726 Bit 3R
Break- Commuter,515ComExt
Break- Commuter,528ComIn
Break- Commuter,511 MVGE
Break- Commuter,512 MVGES
Break- Commuter,520MV1ER
Break- entrances,130 NaG AE
Break- entrances,131 Na1 EB
Break- entrances,132 Na1Lob
Break- entrances,160 HesGER
Break- entrances,161 HesGEL
Break- entrances,162HsGETun
Break- entrances,172 GrElev
Break- entrances,173GLElev
Break- entrances,175 GrGBS
Break- entrances,176 GrGER
Break- entrances,179 Gr1EF
Break- entrances,180Gr1Lob2
Break- entrances,190Gr1Lob1
Break- entrances,191 MilGER
Break- entrances,199GrRElev
Break- entrances,201 Fry AF
Break- entrances,202 Fry AB
Break- entrances,203 FryAFG
Break- entrances,204 Fry BF
Break- entrances,205 Fry BB
Break- entrances,206 Fry CF
Break- entrances,207 Fry CB
Break- entrances,208 Fry DF
Break- entrances,209 Fry DB
Break- entrances,211 KelAF
Break- entrances,212 KelAB
Break- entrances,213 Kel BF
Break- entrances,214 Kel BB
Break- entrances,215 Kel CF
Break- entrances,216 Kel CB
Break- entrances,217 KelCFG
Break- entrances,222 Mel AF
Break- entrances,223 Mel AB
Break- entrances,224 MelAFG
Break- entrances,225 Mel BF
Break- entrances,226 Mel BB
Break- entrances,227 Mel CF
Break- entrances,228 Mel CB
Break- entrances,511 MVGE
Break- entrances,512 MVGES
Break- entrances,516MVGDeck
Break- entrances,517MVGPat
Break- entrances,520MV1ER
Break- entrances,521MV1MLob
Break- entrances,540 WGBack
Break- entrances,541W1BESt
Break- entrances,543WLobM
Break- entrances,544W1ASt
Break- entrances,573 Sm BF
Break- entrances,574SmBGHan
Break- entrances,575 Sm BB
Break- entrances,576 Sm CF
Break- entrances,577 Sm CF
Break- entrances,578 Sm CB
Break- entrances,579SmCLaun
Break- entrances,610SoGFRE
Break- entrances,613SoGEL
Break- entrances,615SoGRSt
Break- entrances,620So1LobM
Break- entrances,710 Bit GL
Break- entrances,711 Bit GL
Break- entrances,714 Bit GR
Break- entrances,720 Bit1
Break- Fry Apts,172 GrElev
Break- Fry Apts,173GLElev
Break- Fry Apts,176 GrGER
Break- Fry Apts,179 Gr1EF
Break- Fry Apts,180Gr1Lob2
Break- Fry Apts,190Gr1Lob1
Break- Fry Apts,199GrRElev
Break- Fry Apts,201 Fry AF
Break- Fry Apts,202 Fry AB
Break- Fry Apts,203 FryAFG
Break- Fry Apts,204 Fry BF
Break- Fry Apts,205 Fry BB
Break- Fry Apts,206 Fry CF
Break- Fry Apts,207 Fry CB
Break- Fry Apts,208 Fry DF
Break- Fry Apts,209 Fry DB
Break- Grantham Female,180Gr1Lob2
Break- Grantham Female,190Gr1Lob1
Break- Grantham Female,172 GrElev
Break- Grantham Female,173GLElev
Break- Grantham Female,175 GrGBS
Break- Grantham Female,176 GrGER
Break- Grantham Female,177 GrGR
Break- Grantham Female,178 GrGI
Break- Grantham Female,179 Gr1EF
Break- Grantham Female,181 Gr1Lob
Break- Grantham Female,182 Gr1BS
Break- Grantham Female,183 Gr2Lob
Break- Grantham Female,184 Gr2BS
Break- Grantham Female,199GrRElev
Break- Grantham Male,172 GrElev
Break- Grantham Male,173GLElev
Break- Grantham Male,175 GrGBS
Break- Grantham Male,176 GrGER
Break- Grantham Male,179 Gr1EF
Break- Grantham Male,180Gr1Lob2
Break- Grantham Male,185 Gr3Lob
Break- Grantham Male,186 Gr3BS
Break- Grantham Male,190Gr1Lob1
Break- Grantham Male,199GrRElev
Break- Hess Female,160 HesGER
Break- Hess Female,161 HesGEL
Break- Hess Female,162HsGETun
Break- Hess Female,164 HesGIL
Break- Hess Female,165 Hs1Lob
Break- Hess Female,166 Hes1IR
Break- Hess Female,167 Hes1IL
Break- Hess Female,168 Hs2Lob
Break- Hess Female,169 Hes1IL
Break- Hess Female,172 GrElev
Break- Hess Female,173GLElev
Break- Hess Female,174 HesGI
Break- Hess Female,176 GrGER
Break- Hess Female,179 Gr1EF
Break- Hess Female,180Gr1Lob2
Break- Hess Female,190Gr1Lob1
Break- Hess Female,199GrRElev
Break- Hess Male,160 HesGER
Break- Hess Male,161 HesGEL
Break- Hess Male,162HsGETun
Break- Hess Male,164 HesGIL
Break- Hess Male,170 Hs3Lob
Break- Hess Male,171 Hs3IL
Break- Hess Male,172 GrElev
Break- Hess Male,173GLElev
Break- Hess Male,174 HesGI
Break- Hess Male,176 GrGER
Break- Hess Male,179 Gr1EF
Break- Hess Male,180Gr1Lob2
Break- Hess Male,190Gr1Lob1
Break- Hess Male,199GrRElev
Break- Kelly,172 GrElev
Break- Kelly,173GLElev
Break- Kelly,176 GrGER
Break- Kelly,179 Gr1EF
Break- Kelly,180Gr1Lob2
Break- Kelly,190Gr1Lob1
Break- Kelly,199GrRElev
Break- Kelly,211 KelAF
Break- Kelly,212 KelAB
Break- Kelly,213 Kel BF
Break- Kelly,214 Kel BB
Break- Kelly,215 Kel CF
Break- Kelly,216 Kel CB
Break- Kelly,217 KelCFG
Break- Mellinger,511 MVGE
Break- Mellinger,512 MVGES
Break- Mellinger,516MVGDeck
Break- Mellinger,517MVGPat
Break- Mellinger,520MV1ER
Break- Mellinger,521MV1MLob
Break- Mellinger,222 Mel AF
Break- Mellinger,223 Mel AB
Break- Mellinger,224 MelAFG
Break- Mellinger,225 Mel BF
Break- Mellinger,226 Mel BB
Break- Mellinger,227 Mel CF
Break- Mellinger,228 Mel CB
Break- Miller Female,172 GrElev
Break- Miller Female,173GLElev
Break- Miller Female,176 GrGER
Break- Miller Female,179 Gr1EF
Break- Miller Female,180Gr1Lob2
Break- Miller Female,188MilGBS
Break- Miller Female,189MilGLob
Break- Miller Female,190Gr1Lob1
Break- Miller Female,191 MilGER
Break- Miller Female,194 Mil2BS
Break- Miller Female,195Mil2Lob
Break- Miller Female,199GrRElev
Break- Miller Male,172 GrElev
Break- Miller Male,173GLElev
Break- Miller Male,176 GrGER
Break- Miller Male,179 Gr1EF
Break- Miller Male,180Gr1Lob2
Break- Miller Male,190Gr1Lob1
Break- Miller Male,191 MilGER
Break- Miller Male,192 Mil1BS
Break- Miller Male,193Mil1Lob
Break- Miller Male,196 Mil3BS
Break- Miller Male,198Mil3Lob
Break- Miller Male,199GrRElev
Break- MtView Female,510 MVB
Break- MtView Female,511 MVGE
Break- MtView Female,512 MVGES
Break- MtView Female,516MVGDeck
Break- MtView Female,517MVGPat
Break- MtView Female,518MV1Lob
Break- MtView Female,519MV1RI
Break- MtView Female,520MV1ER
Break- MtView Female,521MV1MLob
Break- MtView Female,522 MV2RS
Break- MtView Female,523 MV2Lob
Break- MtView Female,526 MV4Lob
Break- MtView Female,527 MV4RS
Break- MtView Male,511 MVGE
Break- MtView Male,512 MVGES
Break- MtView Male,513 MVGLob
Break- MtView Male,514 MVGIS
Break- MtView Male,516MVGDeck
Break- MtView Male,517MVGPat
Break- MtView Male,520MV1ER
Break- MtView Male,521MV1MLob
Break- MtView Male,524 MV3RS
Break- MtView Male,525 MV3Lob
Break- Naugle Female,172 GrElev
Break- Naugle Female,173GLElev
Break- Naugle Female,176 GrGER
Break- Naugle Female,179 Gr1EF
Break- Naugle Female,180Gr1Lob2
Break- Naugle Female,190Gr1Lob1
Break- Naugle Female,199GrRElev
Break- Naugle Female,130 NaG AE
Break- Naugle Female,131 Na1 EB
Break- Naugle Female,132 Na1Lob
Break- Naugle Female,137 Na2ASt
Break- Naugle Female,138 Na2ACS
Break- Naugle Female,139 Na3ASt
Break- Naugle Female,140 Na3ACS
Break- Naugle Female,143 Na1BCS
Break- Naugle Female,144 Na1BSt
Break- Naugle Female,147 NA3BSt
Break- Naugle Female,148 Na3BCS
Break- Naugle Male,172 GrElev
Break- Naugle Male,173GLElev
Break- Naugle Male,176 GrGER
Break- Naugle Male,179 Gr1EF
Break- Naugle Male,180Gr1Lob2
Break- Naugle Male,190Gr1Lob1
Break- Naugle Male,199GrRElev
Break- Naugle Male,129 Na1AL
Break- Naugle Male,130 NaG AE
Break- Naugle Male,131 Na1 EB
Break- Naugle Male,132 Na1Lob
Break- Naugle Male,134 NaGACS
Break- Naugle Male,135 Na1ASt
Break- Naugle Male,136 Na1CSA
Break- Naugle Male,141 NaGBCS
Break- Naugle Male,142 NaGBSt
Break- Naugle Male,144 Na1BSt
Break- Naugle Male,145 Na2BSt
Break- Naugle Male,146 Na2BCS
Break- Naugle Male,149 NaGAI
Break- Naugle RA,129 Na1AL
Break- Naugle RA,130 NaG AE
Break- Naugle RA,131 Na1 EB
Break- Naugle RA,132 Na1Lob
Break- Naugle RA,134 NaGACS
Break- Naugle RA,135 Na1ASt
Break- Naugle RA,136 Na1CSA
Break- Naugle RA,137 Na2ASt
Break- Naugle RA,138 Na2ACS
Break- Naugle RA,139 Na3ASt
Break- Naugle RA,140 Na3ACS
Break- Naugle RA,141 NaGBCS
Break- Naugle RA,142 NaGBSt
Break- Naugle RA,143 Na1BCS
Break- Naugle RA,144 Na1BSt
Break- Naugle RA,145 Na2BSt
Break- Naugle RA,146 Na2BCS
Break- Naugle RA,147 NA3BSt
Break- Naugle RA,148 Na3BCS
Break- Naugle RA,149 NaGAI
Break- S.Cmplx RA,511 MVGE
Break- S.Cmplx RA,512 MVGES
Break- S.Cmplx RA,513 MVGLob
Break- S.Cmplx RA,514 MVGIS
Break- S.Cmplx RA,516MVGDeck
Break- S.Cmplx RA,517MVGPat
Break- S.Cmplx RA,518MV1Lob
Break- S.Cmplx RA,519MV1RI
Break- S.Cmplx RA,520MV1ER
Break- S.Cmplx RA,521MV1MLob
Break- S.Cmplx RA,522 MV2RS
Break- S.Cmplx RA,523 MV2Lob
Break- S.Cmplx RA,524 MV3RS
Break- S.Cmplx RA,525 MV3Lob
Break- S.Cmplx RA,526 MV4Lob
Break- S.Cmplx RA,527 MV4RS
Break- S.Cmplx RA,610SoGFRE
Break- S.Cmplx RA,611SoGRI
Break- S.Cmplx RA,612SoGIL
Break- S.Cmplx RA,613SoGEL
Break- S.Cmplx RA,614SoGIRSt
Break- S.Cmplx RA,615SoGRSt
Break- S.Cmplx RA,617So1Tunn
Break- S.Cmplx RA,618So1RRSt
Break- S.Cmplx RA,619So1LSt
Break- S.Cmplx RA,620So1LobM
Break- S.Cmplx RA,621So1LobI
Break- S.Cmplx RA,622 Sol 2R
Break- S.Cmplx RA,623So2Tunn
Break- S.Cmplx RA,624So2BLSt
Break- S.Cmplx RA,625So3Tunn
Break- S.Cmplx RA,626So3RSt
Break- S.Cmplx RA,627So3LSt
Break- S.Cmplx RA,710 Bit GL
Break- S.Cmplx RA,711 Bit GL
Break- S.Cmplx RA,712 BitGLH
Break- S.Cmplx RA,713 BitGRI
Break- S.Cmplx RA,714 Bit GR
Break- S.Cmplx RA,716 Bit L
Break- S.Cmplx RA,717 Bit 1L
Break- S.Cmplx RA,718 Bit R
Break- S.Cmplx RA,719 Bit 1
Break- S.Cmplx RA,720 Bit1
Break- S.Cmplx RA,721 Bit 2L
Break- S.Cmplx RA,722 Bit 2L
Break- S.Cmplx RA,723 Bit 2R
Break- S.Cmplx RA,724 Bit 3L
Break- S.Cmplx RA,725 Bit 3L
Break- S.Cmplx RA,726 Bit 3R
Break- Smith,172 GrElev
Break- Smith,173GLElev
Break- Smith,176 GrGER
Break- Smith,179 Gr1EF
Break- Smith,180Gr1Lob2
Break- Smith,190Gr1Lob1
Break- Smith,199GrRElev
Break- Smith,570 Sm AF
Break- Smith,571 Sm AF
Break- Smith,572 Sm AB
Break- Smith,573 Sm BF
Break- Smith,574SmBGHan
Break- Smith,575 Sm BB
Break- Smith,576 Sm CF
Break- Smith,577 Sm CF
Break- Smith,578 Sm CB
Break- Smith,579SmCLaun
Break- Solly Female,511 MVGE
Break- Solly Female,512 MVGES
Break- Solly Female,520MV1ER
Break- Solly Female,516MVGDeck
Break- Solly Female,517MVGPat
Break- Solly Female,521MV1MLob
Break- Solly Female,610SoGFRE
Break- Solly Female,613SoGEL
Break- Solly Female,615SoGRSt
Break- Solly Female,617So1Tunn
Break- Solly Female,618So1RRSt
Break- Solly Female,619So1LSt
Break- Solly Female,620So1LobM
Break- Solly Female,621So1LobI
Break- Solly Female,622 Sol 2R
Break- Solly Female,623So2Tunn
Break- Solly Female,624So2BLSt
Break- Solly Male,511 MVGE
Break- Solly Male,512 MVGES
Break- Solly Male,520MV1ER
Break- Solly Male,516MVGDeck
Break- Solly Male,517MVGPat
Break- Solly Male,521MV1MLob
Break- Solly Male,610SoGFRE
Break- Solly Male,611SoGRI
Break- Solly Male,612SoGIL
Break- Solly Male,613SoGEL
Break- Solly Male,614SoGIRSt
Break- Solly Male,615SoGRSt
Break- Solly Male,620So1LobM
Break- Solly Male,625So3Tunn
Break- Solly Male,626So3RSt
Break- Solly Male,627So3LSt
Break- Witmer Female,511 MVGE
Break- Witmer Female,512 MVGES
Break- Witmer Female,516MVGDeck
Break- Witmer Female,517MVGPat
Break- Witmer Female,520MV1ER
Break- Witmer Female,521MV1MLob
Break- Witmer Female,540 WGBack
Break- Witmer Female,541W1BESt
Break- Witmer Female,543WLobM
Break- Witmer Female,544W1ASt
Break- Witmer Female,547W2ACent
Break- Witmer Female,548W2AESt
Break- Witmer Female,549W3ACent
Break- Witmer Female,550W3AESt
Break- Witmer Female,551W4ACent
Break- Witmer Female,552W4AESt
Break- Witmer Female,555W2BESt
Break- Witmer Female,556W2BCent
Break- Witmer Female,559W4BSt
Break- Witmer Female,560W4BCent
Break- Witmer Male,511 MVGE
Break- Witmer Male,512 MVGES
Break- Witmer Male,516MVGDeck
Break- Witmer Male,517MVGPat
Break- Witmer Male,520MV1ER
Break- Witmer Male,521MV1MLob
Break- Witmer Male,540 WGBack
Break- Witmer Male,541W1BESt
Break- Witmer Male,543WLobM
Break- Witmer Male,544W1ASt
Break- Witmer Male,546W1ASt
Break- Witmer Male,553W1BESt
Break- Witmer Male,554W1BLob
Break- Witmer Male,557W3BESt
Break- Witmer Male,558W3BCent
Break- Witmer Male,561W1ALob
Conf- Bittner 1st Hall,716 Bit L
Conf- Bittner 1st Hall,717 Bit 1L
Conf- Bittner 1st Hall,718 Bit R
Conf- Bittner 1st Hall,719 Bit 1
Conf- Bittner 2nd Hall,721 Bit 2L
Conf- Bittner 2nd Hall,722 Bit 2L
Conf- Bittner 2nd Hall,723 Bit 2R
Conf- Bittner 3rd Hall,724 Bit 3L
Conf- Bittner 3rd Hall,725 Bit 3L
Conf- Bittner 3rd Hall,726 Bit 3R
Conf- Bittner All,516MVGDeck
Conf- Bittner All,517MVGPat
Conf- Bittner All,521MV1MLob
Conf- Bittner All,710 Bit GL
Conf- Bittner All,711 Bit GL
Conf- Bittner All,712 BitGLH
Conf- Bittner All,713 BitGRI
Conf- Bittner All,714 Bit GR
Conf- Bittner All,716 Bit L
Conf- Bittner All,717 Bit 1L
Conf- Bittner All,718 Bit R
Conf- Bittner All,719 Bit 1
Conf- Bittner All,720 Bit1
Conf- Bittner All,721 Bit 2L
Conf- Bittner All,722 Bit 2L
Conf- Bittner All,723 Bit 2R
Conf- Bittner All,724 Bit 3L
Conf- Bittner All,725 Bit 3L
Conf- Bittner All,726 Bit 3R
Conf- Bittner Entrance,511 MVGE
Conf- Bittner Entrance,512 MVGES
Conf- Bittner Entrance,516MVGDeck
Conf- Bittner Entrance,517MVGPat
Conf- Bittner Entrance,521MV1MLob
Conf- Bittner Entrance,710 Bit GL
Conf- Bittner Entrance,711 Bit GL
Conf- Bittner Entrance,714 Bit GR
Conf- Bittner Entrance,720 Bit1
Conf- Bittner Gnd Hall,712 BitGLH
Conf- Bittner Gnd Hall,713 BitGRI
Conf- Fry Apts,201 Fry AF
Conf- Fry Apts,202 Fry AB
Conf- Fry Apts,203 FryAFG
Conf- Fry Apts,204 Fry BF
Conf- Fry Apts,205 Fry BB
Conf- Fry Apts,206 Fry CF
Conf- Fry Apts,207 Fry CB
Conf- Fry Apts,208 Fry DF
Conf- Fry Apts,209 Fry DB
Conf- Grantham 1st Hall,181 Gr1Lob
Conf- Grantham 1st Hall,182 Gr1BS
Conf- Grantham 2nd Hall,183 Gr2Lob
Conf- Grantham 2nd Hall,184 Gr2BS
Conf- Grantham 3rd Hall,185 Gr3Lob
Conf- Grantham 3rd Hall,186 Gr3BS
Conf- Grantham All,172 GrElev
Conf- Grantham All,173GLElev
Conf- Grantham All,175 GrGBS
Conf- Grantham All,176 GrGER
Conf- Grantham All,177 GrGR
Conf- Grantham All,178 GrGI
Conf- Grantham All,179 Gr1EF
Conf- Grantham All,180Gr1Lob2
Conf- Grantham All,181 Gr1Lob
Conf- Grantham All,182 Gr1BS
Conf- Grantham All,183 Gr2Lob
Conf- Grantham All,184 Gr2BS
Conf- Grantham All,185 Gr3Lob
Conf- Grantham All,186 Gr3BS
Conf- Grantham All,190Gr1Lob1
Conf- Grantham All,199GrRElev
Conf- Grantham Entrance,172 GrElev
Conf- Grantham Entrance,173GLElev
Conf- Grantham Entrance,175 GrGBS
Conf- Grantham Entrance,176 GrGER
Conf- Grantham Entrance,179 Gr1EF
Conf- Grantham Entrance,180Gr1Lob2
Conf- Grantham Entrance,190Gr1Lob1
Conf- Grantham Entrance,199GrRElev
Conf- Grantham Gnd Hall,177 GrGR
Conf- Grantham Gnd Hall,178 GrGI
Conf- Hess 1st Hall,165 Hs1Lob
Conf- Hess 1st Hall,166 Hes1IR
Conf- Hess 1st Hall,167 Hes1IL
Conf- Hess 2nd Hall,168 Hs2Lob
Conf- Hess 2nd Hall,169 Hes1IL
Conf- Hess 3rd Hall,170 Hs3Lob
Conf- Hess 3rd Hall,171 Hs3IL
Conf- Hess All,160 HesGER
Conf- Hess All,161 HesGEL
Conf- Hess All,162HsGETun
Conf- Hess All,164 HesGIL
Conf- Hess All,165 Hs1Lob
Conf- Hess All,166 Hes1IR
Conf- Hess All,167 Hes1IL
Conf- Hess All,168 Hs2Lob
Conf- Hess All,169 Hes1IL
Conf- Hess All,170 Hs3Lob
Conf- Hess All,171 Hs3IL
Conf- Hess All,172 GrElev
Conf- Hess All,173GLElev
Conf- Hess All,174 HesGI
Conf- Hess All,176 GrGER
Conf- Hess All,179 Gr1EF
Conf- Hess All,180Gr1Lob2
Conf- Hess All,190Gr1Lob1
Conf- Hess All,199GrRElev
Conf- Hess Computer Lab,163HesComp
Conf- Hess Entrance,160 HesGER
Conf- Hess Entrance,161 HesGEL
Conf- Hess Entrance,162HsGETun
Conf- Hess Entrance,172 GrElev
Conf- Hess Entrance,173GLElev
Conf- Hess Entrance,176 GrGER
Conf- Hess Entrance,179 Gr1EF
Conf- Hess Entrance,180Gr1Lob2
Conf- Hess Entrance,190Gr1Lob1
Conf- Hess Entrance,199GrRElev
Conf- Hess Gnd Hall,164 HesGIL
Conf- Hess Gnd Hall,174 HesGI
Conf- Kelly,211 KelAF
Conf- Kelly,212 KelAB
Conf- Kelly,213 Kel BF
Conf- Kelly,214 Kel BB
Conf- Kelly,215 Kel CF
Conf- Kelly,216 Kel CB
Conf- Kelly,217 KelCFG
Conf- Mellinger,222 Mel AF
Conf- Mellinger,223 Mel AB
Conf- Mellinger,224 MelAFG
Conf- Mellinger,225 Mel BF
Conf- Mellinger,226 Mel BB
Conf- Mellinger,227 Mel CF
Conf- Mellinger,228 Mel CB
Conf- Miller 1st Hall,192 Mil1BS
Conf- Miller 1st Hall,193Mil1Lob
Conf- Miller 2nd Hall,194 Mil2BS
Conf- Miller 2nd Hall,195Mil2Lob
Conf- Miller 3rd Hall,196 Mil3BS
Conf- Miller 3rd Hall,198Mil3Lob
Conf- Miller All,172 GrElev
Conf- Miller All,173GLElev
Conf- Miller All,176 GrGER
Conf- Miller All,179 Gr1EF
Conf- Miller All,180Gr1Lob2
Conf- Miller All,188MilGBS
Conf- Miller All,189MilGLob
Conf- Miller All,190Gr1Lob1
Conf- Miller All,191 MilGER
Conf- Miller All,192 Mil1BS
Conf- Miller All,193Mil1Lob
Conf- Miller All,194 Mil2BS
Conf- Miller All,195Mil2Lob
Conf- Miller All,196 Mil3BS
Conf- Miller All,198Mil3Lob
Conf- Miller All,199GrRElev
Conf- Miller Entrance,172 GrElev
Conf- Miller Entrance,173GLElev
Conf- Miller Entrance,176 GrGER
Conf- Miller Entrance,179 Gr1EF
Conf- Miller Entrance,180Gr1Lob2
Conf- Miller Entrance,190Gr1Lob1
Conf- Miller Entrance,191 MilGER
Conf- Miller Entrance,199GrRElev
Conf- Miller Gnd Hall,188MilGBS
Conf- Miller Gnd Hall,189MilGLob
Conf- Mt.View 1st Hall,518MV1Lob
Conf- Mt.View 1st Hall,519MV1RI
Conf- Mt.View 2nd Hall,522 MV2RS
Conf- Mt.View 2nd Hall,523 MV2Lob
Conf- Mt.View 3rd Hall,524 MV3RS
Conf- Mt.View 3rd Hall,525 MV3Lob
Conf- Mt.View 4th Hall,526 MV4Lob
Conf- Mt.View 4th Hall,527 MV4RS
Conf- Mt.View All,510 MVB
Conf- Mt.View All,511 MVGE
Conf- Mt.View All,512 MVGES
Conf- Mt.View All,513 MVGLob
Conf- Mt.View All,514 MVGIS
Conf- Mt.View All,516MVGDeck
Conf- Mt.View All,517MVGPat
Conf- Mt.View All,518MV1Lob
Conf- Mt.View All,519MV1RI
Conf- Mt.View All,520MV1ER
Conf- Mt.View All,521MV1MLob
Conf- Mt.View All,522 MV2RS
Conf- Mt.View All,523 MV2Lob
Conf- Mt.View All,524 MV3RS
Conf- Mt.View All,525 MV3Lob
Conf- Mt.View All,526 MV4Lob
Conf- Mt.View All,527 MV4RS
Conf- Mt.View Entrance,511 MVGE
Conf- Mt.View Entrance,512 MVGES
Conf- Mt.View Entrance,516MVGDeck
Conf- Mt.View Entrance,517MVGPat
Conf- Mt.View Entrance,520MV1ER
Conf- Mt.View Entrance,521MV1MLob
Conf- Mt.View Gnd Hall,513 MVGLob
Conf- Mt.View Gnd Hall,514 MVGIS
Conf- Naugle A 1st Hall,129 Na1AL
Conf- Naugle A 1st Hall,135 Na1ASt
Conf- Naugle A 1st Hall,136 Na1CSA
Conf- Naugle A 2nd Hall,137 Na2ASt
Conf- Naugle A 2nd Hall,138 Na2ACS
Conf- Naugle A 3rd Hall,139 Na3ASt
Conf- Naugle A 3rd Hall,140 Na3ACS
Conf- Naugle A Gnd Hall,134 NaGACS
Conf- Naugle A Gnd Hall,149 NaGAI
Conf- Naugle All,129 Na1AL
Conf- Naugle All,130 NaG AE
Conf- Naugle All,131 Na1 EB
Conf- Naugle All,132 Na1Lob
Conf- Naugle All,134 NaGACS
Conf- Naugle All,135 Na1ASt
Conf- Naugle All,136 Na1CSA
Conf- Naugle All,137 Na2ASt
Conf- Naugle All,138 Na2ACS
Conf- Naugle All,139 Na3ASt
Conf- Naugle All,140 Na3ACS
Conf- Naugle All,141 NaGBCS
Conf- Naugle All,142 NaGBSt
Conf- Naugle All,143 Na1BCS
Conf- Naugle All,144 Na1BSt
Conf- Naugle All,145 Na2BSt
Conf- Naugle All,146 Na2BCS
Conf- Naugle All,147 NA3BSt
Conf- Naugle All,148 Na3BCS
Conf- Naugle All,149 NaGAI
Conf- Naugle B 1st Hall,130 NaG AE
Conf- Naugle B 1st Hall,131 Na1 EB
Conf- Naugle B 1st Hall,132 Na1Lob
Conf- Naugle B 1st Hall,143 Na1BCS
Conf- Naugle B 1st Hall,144 Na1BSt
Conf- Naugle B 2nd Hall,130 NaG AE
Conf- Naugle B 2nd Hall,131 Na1 EB
Conf- Naugle B 2nd Hall,132 Na1Lob
Conf- Naugle B 2nd Hall,145 Na2BSt
Conf- Naugle B 2nd Hall,146 Na2BCS
Conf- Naugle B 3rd Hall,147 NA3BSt
Conf- Naugle B 3rd Hall,148 Na3BCS
Conf- Naugle B Gnd Hall,141 NaGBCS
Conf- Naugle B Gnd Hall,142 NaGBSt
Conf- Naugle Entrance,130 NaG AE
Conf- Naugle Entrance,131 Na1 EB
Conf- Naugle Entrance,132 Na1Lob
Conf- Naugle Entrance A,130 NaG AE
Conf- Naugle Entrance A,132 Na1Lob
Conf- Naugle Entrance B,131 Na1 EB
Conf- Naugle Entrance B,132 Na1Lob
Conf- Smith,570 Sm AF
Conf- Smith,571 Sm AF
Conf- Smith,572 Sm AB
Conf- Smith,573 Sm BF
Conf- Smith,574SmBGHan
Conf- Smith,575 Sm BB
Conf- Smith,576 Sm CF
Conf- Smith,577 Sm CF
Conf- Smith,578 Sm CB
Conf- Smith,579SmCLaun
Conf- Sollenberger 1st Hall,617So1Tunn
Conf- Sollenberger 1st Hall,618So1RRSt
Conf- Sollenberger 1st Hall,619So1LSt
Conf- Sollenberger 1st Hall,621So1LobI
Conf- Sollenberger 2nd Hall,521MV1MLob
Conf- Sollenberger 2nd Hall,622 Sol 2R
Conf- Sollenberger 2nd Hall,623So2Tunn
Conf- Sollenberger 2nd Hall,624So2BLSt
Conf- Sollenberger 3rd Hall,521MV1MLob
Conf- Sollenberger 3rd Hall,625So3Tunn
Conf- Sollenberger 3rd Hall,626So3RSt
Conf- Sollenberger 3rd Hall,627So3LSt
Conf- Sollenberger All,516MVGDeck
Conf- Sollenberger All,517MVGPat
Conf- Sollenberger All,521MV1MLob
Conf- Sollenberger All,610SoGFRE
Conf- Sollenberger All,611SoGRI
Conf- Sollenberger All,612SoGIL
Conf- Sollenberger All,613SoGEL
Conf- Sollenberger All,614SoGIRSt
Conf- Sollenberger All,615SoGRSt
Conf- Sollenberger All,617So1Tunn
Conf- Sollenberger All,618So1RRSt
Conf- Sollenberger All,619So1LSt
Conf- Sollenberger All,620So1LobM
Conf- Sollenberger All,621So1LobI
Conf- Sollenberger All,622 Sol 2R
Conf- Sollenberger All,623So2Tunn
Conf- Sollenberger All,624So2BLSt
Conf- Sollenberger All,625So3Tunn
Conf- Sollenberger All,626So3RSt
Conf- Sollenberger All,627So3LSt
Conf- Sollenberger Entrance,511 MVGE
Conf- Sollenberger Entrance,512 MVGES
Conf- Sollenberger Entrance,516MVGDeck
Conf- Sollenberger Entrance,517MVGPat
Conf- Sollenberger Entrance,521MV1MLob
Conf- Sollenberger Entrance,610SoGFRE
Conf- Sollenberger Entrance,613SoGEL
Conf- Sollenberger Entrance,615SoGRSt
Conf- Sollenberger Entrance,620So1LobM
Conf- Sollenberger Gnd Hall,611SoGRI
Conf- Sollenberger Gnd Hall,612SoGIL
Conf- Sollenberger Gnd Hall,614SoGIRSt
Conf- Witmer A 1st Hall,546W1ASt
Conf- Witmer A 1st Hall,561W1ALob
Conf- Witmer A 2nd Hall,547W2ACent
Conf- Witmer A 2nd Hall,548W2AESt
Conf- Witmer A 3rd Hall,549W3ACent
Conf- Witmer A 3rd Hall,550W3AESt
Conf- Witmer A 4th Hall,551W4ACent
Conf- Witmer A 4th Hall,552W4AESt
Conf- Witmer All,540 WGBack
Conf- Witmer All,541W1BESt
Conf- Witmer All,543WLobM
Conf- Witmer All,544W1ASt
Conf- Witmer All,546W1ASt
Conf- Witmer All,547W2ACent
Conf- Witmer All,548W2AESt
Conf- Witmer All,549W3ACent
Conf- Witmer All,550W3AESt
Conf- Witmer All,551W4ACent
Conf- Witmer All,552W4AESt
Conf- Witmer All,553W1BESt
Conf- Witmer All,554W1BLob
Conf- Witmer All,555W2BESt
Conf- Witmer All,556W2BCent
Conf- Witmer All,557W3BESt
Conf- Witmer All,558W3BCent
Conf- Witmer All,559W4BSt
Conf- Witmer All,560W4BCent
Conf- Witmer All,561W1ALob
Conf- Witmer B 1st Hall,553W1BESt
Conf- Witmer B 1st Hall,554W1BLob
Conf- Witmer B 2nd Hall,555W2BESt
Conf- Witmer B 2nd Hall,556W2BCent
Conf- Witmer B 3rd Hall,557W3BESt
Conf- Witmer B 3rd Hall,558W3BCent
Conf- Witmer B 3rd Hall,540 WGBack
Conf- Witmer B 3rd Hall,541W1BESt
Conf- Witmer B 3rd Hall,543WLobM
Conf- Witmer B 3rd Hall,544W1ASt
Conf- Witmer B 4th Hall,559W4BSt
Conf- Witmer B 4th Hall,560W4BCent
Conf- Witmer Entrance,540 WGBack
Conf- Witmer Entrance,541W1BESt
Conf- Witmer Entrance,543WLobM
Conf- Witmer Entrance,544W1ASt
Conf- Witmer Entrance A,540 WGBack
Conf- Witmer Entrance A,543WLobM
Conf- Witmer Entrance A,544W1ASt
Conf- Witmer Entrance B,540 WGBack
Conf- Witmer Entrance B,541W1BESt
Conf- Witmer Entrance B,543WLobM
Employee- Academic Facility,300WHLob
Employee- Academic Facility,301WHFrExt
Employee- Academic Facility,302WHNExt
Employee- Academic Facility,304WH2BK
Employee- Academic Facility,400FitExt
Employee- Academic Facility,432JorEnt
Employee- Academic Facility,453BoyEntL
Employee- Academic Facility,454BoEntCe
Employee- Academic Facility,455BoyEntR
Employee- Academic Facility,736HighEnt
Employee- Academic Facility,952Frey1M
Employee- Academic Facility,954FinExt
Employee- Academic Facility,955FinInt
Employee- AWC Vault,152AWCVaul
Employee- Commuter Lounge,515ComExt
Employee- Commuter Lounge,528ComIn
Employee- Full Facility,064 HCGInt
Employee- Full Facility,065 HCGEnt
Employee- Full Facility,066 HCSInt
Employee- Full Facility,067 HCSExt
Employee- Full Facility,088LibGEnt
Employee- Full Facility,101 OMRear
Employee- Full Facility,103 OMBase
Employee- Full Facility,110LarInt
Employee- Full Facility,115LarExt
Employee- Full Facility,150AWCLob
Employee- Full Facility,151AWCRear
Employee- Full Facility,152AWCVaul
Employee- Full Facility,163HesComp
Employee- Full Facility,187 PrChap
Employee- Full Facility,221KelComm
Employee- Full Facility,231Mel.esp
Employee- Full Facility,300WHLob
Employee- Full Facility,301WHFrExt
Employee- Full Facility,302WHNExt
Employee- Full Facility,303WH2Fr
Employee- Full Facility,304WH2BK
Employee- Full Facility,310WH2Ext
Employee- Full Facility,311WH2CadR
Employee- Full Facility,312WH2CadL
Employee- Full Facility,313WH2Stor
Employee- Full Facility,400FitExt
Employee- Full Facility,422 ECC E3
Employee- Full Facility,432JorEnt
Employee- Full Facility,453BoyEntL
Employee- Full Facility,454BoEntCe
Employee- Full Facility,455BoyEntR
Employee- Full Facility,515ComExt
Employee- Full Facility,528ComIn
Employee- Full Facility,542WGFron
Employee- Full Facility,616SoGComp
Employee- Full Facility,736HighEnt
Employee- Full Facility,952Frey1M
Employee- Full Facility,953Frey1Sv
Employee- Full Facility,954FinExt
Employee- Full Facility,955FinInt
Employee- Full Facility,956 Fre151
Employee- Full Facility,957Frey145
Employee- Full Facility,958 Frey70
Employee- Full Facility,959Frey068
Employee- Full Facility,965Frey266
Employee- Full Facility,PresGate
Employee- Full Facility,Test
Employee- Full Residence,129 Na1AL
Employee- Full Residence,130 NaG AE
Employee- Full Residence,131 Na1 EB
Employee- Full Residence,132 Na1Lob
Employee- Full Residence,134 NaGACS
Employee- Full Residence,135 Na1ASt
Employee- Full Residence,136 Na1CSA
Employee- Full Residence,137 Na2ASt
Employee- Full Residence,138 Na2ACS
Employee- Full Residence,139 Na3ASt
Employee- Full Residence,140 Na3ACS
Employee- Full Residence,141 NaGBCS
Employee- Full Residence,142 NaGBSt
Employee- Full Residence,143 Na1BCS
Employee- Full Residence,144 Na1BSt
Employee- Full Residence,145 Na2BSt
Employee- Full Residence,146 Na2BCS
Employee- Full Residence,147 NA3BSt
Employee- Full Residence,148 Na3BCS
Employee- Full Residence,149 NaGAI
Employee- Full Residence,157 GR 010
Employee- Full Residence,158 Gr 005
Employee- Full Residence,159 Gr 010
Employee- Full Residence,160 HesGER
Employee- Full Residence,161 HesGEL
Employee- Full Residence,162HsGETun
Employee- Full Residence,163HesComp
Employee- Full Residence,164 HesGIL
Employee- Full Residence,165 Hs1Lob
Employee- Full Residence,166 Hes1IR
Employee- Full Residence,167 Hes1IL
Employee- Full Residence,168 Hs2Lob
Employee- Full Residence,169 Hes1IL
Employee- Full Residence,170 Hs3Lob
Employee- Full Residence,171 Hs3IL
Employee- Full Residence,172 GrElev
Employee- Full Residence,173GLElev
Employee- Full Residence,174 HesGI
Employee- Full Residence,175 GrGBS
Employee- Full Residence,176 GrGER
Employee- Full Residence,177 GrGR
Employee- Full Residence,178 GrGI
Employee- Full Residence,179 Gr1EF
Employee- Full Residence,180Gr1Lob2
Employee- Full Residence,181 Gr1Lob
Employee- Full Residence,182 Gr1BS
Employee- Full Residence,183 Gr2Lob
Employee- Full Residence,184 Gr2BS
Employee- Full Residence,185 Gr3Lob
Employee- Full Residence,186 Gr3BS
Employee- Full Residence,187 PrChap
Employee- Full Residence,188MilGBS
Employee- Full Residence,189MilGLob
Employee- Full Residence,190Gr1Lob1
Employee- Full Residence,191 MilGER
Employee- Full Residence,192 Mil1BS
Employee- Full Residence,193Mil1Lob
Employee- Full Residence,194 Mil2BS
Employee- Full Residence,195Mil2Lob
Employee- Full Residence,196 Mil3BS
Employee- Full Residence,198Mil3Lob
Employee- Full Residence,199GrRElev
Employee- Full Residence,201 Fry AF
Employee- Full Residence,202 Fry AB
Employee- Full Residence,203 FryAFG
Employee- Full Residence,204 Fry BF
Employee- Full Residence,205 Fry BB
Employee- Full Residence,206 Fry CF
Employee- Full Residence,207 Fry CB
Employee- Full Residence,208 Fry DF
Employee- Full Residence,209 Fry DB
Employee- Full Residence,211 KelAF
Employee- Full Residence,212 KelAB
Employee- Full Residence,213 Kel BF
Employee- Full Residence,214 Kel BB
Employee- Full Residence,215 Kel CF
Employee- Full Residence,216 Kel CB
Employee- Full Residence,217 KelCFG
Employee- Full Residence,222 Mel AF
Employee- Full Residence,223 Mel AB
Employee- Full Residence,224 MelAFG
Employee- Full Residence,225 Mel BF
Employee- Full Residence,226 Mel BB
Employee- Full Residence,227 Mel CF
Employee- Full Residence,228 Mel CB
Employee- Full Residence,231Mel.esp
Employee- Full Residence,510 MVB
Employee- Full Residence,511 MVGE
Employee- Full Residence,512 MVGES
Employee- Full Residence,513 MVGLob
Employee- Full Residence,514 MVGIS
Employee- Full Residence,515ComExt
Employee- Full Residence,516MVGDeck
Employee- Full Residence,517MVGPat
Employee- Full Residence,518MV1Lob
Employee- Full Residence,519MV1RI
Employee- Full Residence,520MV1ER
Employee- Full Residence,521MV1MLob
Employee- Full Residence,522 MV2RS
Employee- Full Residence,523 MV2Lob
Employee- Full Residence,524 MV3RS
Employee- Full Residence,525 MV3Lob
Employee- Full Residence,526 MV4Lob
Employee- Full Residence,527 MV4RS
Employee- Full Residence,528ComIn
Employee- Full Residence,540 WGBack
Employee- Full Residence,541W1BESt
Employee- Full Residence,542WGFron
Employee- Full Residence,543WLobM
Employee- Full Residence,544W1ASt
Employee- Full Residence,546W1ASt
Employee- Full Residence,547W2ACent
Employee- Full Residence,548W2AESt
Employee- Full Residence,549W3ACent
Employee- Full Residence,550W3AESt
Employee- Full Residence,551W4ACent
Employee- Full Residence,552W4AESt
Employee- Full Residence,553W1BESt
Employee- Full Residence,554W1BLob
Employee- Full Residence,555W2BESt
Employee- Full Residence,556W2BCent
Employee- Full Residence,557W3BESt
Employee- Full Residence,558W3BCent
Employee- Full Residence,559W4BSt
Employee- Full Residence,560W4BCent
Employee- Full Residence,561W1ALob
Employee- Full Residence,570 Sm AF
Employee- Full Residence,571 Sm AF
Employee- Full Residence,572 Sm AB
Employee- Full Residence,573 Sm BF
Employee- Full Residence,574SmBGHan
Employee- Full Residence,575 Sm BB
Employee- Full Residence,576 Sm CF
Employee- Full Residence,577 Sm CF
Employee- Full Residence,578 Sm CB
Employee- Full Residence,579SmCLaun
Employee- Full Residence,610SoGFRE
Employee- Full Residence,611SoGRI
Employee- Full Residence,612SoGIL
Employee- Full Residence,613SoGEL
Employee- Full Residence,614SoGIRSt
Employee- Full Residence,615SoGRSt
Employee- Full Residence,616SoGComp
Employee- Full Residence,617So1Tunn
Employee- Full Residence,618So1RRSt
Employee- Full Residence,619So1LSt
Employee- Full Residence,620So1LobM
Employee- Full Residence,621So1LobI
Employee- Full Residence,622 Sol 2R
Employee- Full Residence,623So2Tunn
Employee- Full Residence,624So2BLSt
Employee- Full Residence,625So3Tunn
Employee- Full Residence,626So3RSt
Employee- Full Residence,627So3LSt
Employee- Full Residence,710 Bit GL
Employee- Full Residence,711 Bit GL
Employee- Full Residence,712 BitGLH
Employee- Full Residence,713 BitGRI
Employee- Full Residence,714 Bit GR
Employee- Full Residence,716 Bit L
Employee- Full Residence,717 Bit 1L
Employee- Full Residence,718 Bit R
Employee- Full Residence,719 Bit 1
Employee- Full Residence,720 Bit1
Employee- Full Residence,721 Bit 2L
Employee- Full Residence,722 Bit 2L
Employee- Full Residence,723 Bit 2R
Employee- Full Residence,724 Bit 3L
Employee- Full Residence,725 Bit 3L
Employee- Full Residence,726 Bit 3R
Employee- Full Residence,727 Bit105
E-Sports Room,222 Mel AF
E-Sports Room,224 MelAFG
E-Sports Room,227 Mel CF
E-Sports Room,228 Mel CB
E-Sports Room,231Mel.esp
E-Sports Room - Summer,222 Mel AF
E-Sports Room - Summer,224 MelAFG
E-Sports Room - Summer,227 Mel CF
E-Sports Room - Summer,228 Mel CB
E-Sports Room - Summer,231Mel.esp
Facility- AWC and Old Main,101 OMRear
Facility- AWC and Old Main,103 OMBase
Facility- AWC and Old Main,150AWCLob
Facility- AWC and Old Main,151AWCRear
Facility- AWC Student Acc,150AWCLob
Facility- AWC Student Acc,151AWCRear
Facility- Christmas Access 2024-2025 AWC,150AWCLob
Facility- Christmas Access 2024-2025 AWC,151AWCRear
Facility- Christmas Break,064 HCGInt
Facility- Christmas Break,065 HCGEnt
Facility- Christmas Break,066 HCSInt
Facility- Christmas Break,067 HCSExt
Facility- Christmas Break,088LibGEnt
Facility- Christmas Break,101 OMRear
Facility- Christmas Break,103 OMBase
Facility- Christmas Break,110LarInt
Facility- Christmas Break,115LarExt
Facility- Christmas Break,150AWCLob
Facility- Christmas Break,151AWCRear
Facility- Christmas Break,152AWCVaul
Facility- Christmas Break,163HesComp
Facility- Christmas Break,187 PrChap
Facility- Christmas Break,221KelComm
Facility- Christmas Break,231Mel.esp
Facility- Christmas Break,250MilAud
Facility- Christmas Break,300WHLob
Facility- Christmas Break,301WHFrExt
Facility- Christmas Break,302WHNExt
Facility- Christmas Break,303WH2Fr
Facility- Christmas Break,304WH2BK
Facility- Christmas Break,310WH2Ext
Facility- Christmas Break,311WH2CadR
Facility- Christmas Break,312WH2CadL
Facility- Christmas Break,313WH2Stor
Facility- Christmas Break,400FitExt
Facility- Christmas Break,422 ECC E3
Facility- Christmas Break,432JorEnt
Facility- Christmas Break,453BoyEntL
Facility- Christmas Break,454BoEntCe
Facility- Christmas Break,455BoyEntR
Facility- Christmas Break,515ComExt
Facility- Christmas Break,528ComIn
Facility- Christmas Break,542WGFron
Facility- Christmas Break,616SoGComp
Facility- Christmas Break,736HighEnt
Facility- Christmas Break,952Frey1M
Facility- Christmas Break,953Frey1Sv
Facility- Christmas Break,954FinExt
Facility- Christmas Break,955FinInt
Facility- Christmas Break,956 Fre151
Facility- Christmas Break,957Frey145
Facility- Christmas Break,958 Frey70
Facility- Christmas Break,959Frey068
Facility- Christmas Break,965Frey266
Facility- Christmas Break,PresGate
Facility- Christmas Break,test 2
Facility- Christmas Break,Test 3
Facility- Christmas Break,test-1
Facility- CS 145 Student,957Frey145
Facility- CS Frey 145,957Frey145
Facility- Cyber Camp,957Frey145
Facility- Cyber Security,956 Fre151
Facility- CyberSecurity 151 S,956 Fre151
Facility- Dance Studio,542WGFron
Facility- E3 Staff,422 ECC E3
Facility- E3 Student,422 ECC E3
Facility- Engineering,958 Frey70
Facility- Engineering,959Frey068
Facility- Engineering,965Frey266
Facility- Engineering Student,958 Frey70
Facility- Engineering Student,965Frey266
Facility- Film Editing Lab,088LibGEnt
Facility- Film Editing Lab Student,088LibGEnt
Facility- Finance Lab,954FinExt
Facility- Finance Lab,955FinInt
Facility- Finance Lab Student,954FinExt
Facility- Finance Lab Student,955FinInt
Facility- Frey 068,959Frey068
Facility- Frey 068 Student,959Frey068
Facility- HC Film Studio Full,064 HCGInt
Facility- HC Film Studio Full,065 HCGEnt
Facility- HC Film Studio Full,066 HCSInt
Facility- HC Film Studio Full,067 HCSExt
Facility- HC Film Studio Limit,064 HCGInt
Facility- HC Film Studio Limit,065 HCGEnt
Facility- HC Film Studio Limit,066 HCSInt
Facility- HC Film Studio Limit,067 HCSExt
Facility- Hostetter Chapel,064 HCGInt
Facility- Hostetter Chapel,065 HCGEnt
Facility- Hostetter Food Pantry,065 HCGEnt
Facility- Hostetter Student,064 HCGInt
Facility- Hostetter Student,065 HCGEnt
Facility- Library,088LibGEnt
Facility- Mountain View 141,521MV1MLob
Facility- North Complex-Oakes,180Gr1Lob2
Facility- North Complex-Oakes,190Gr1Lob1
Facility- PCA,576 Sm CF
Facility- PCA,577 Sm CF
Facility- PCA,578 Sm CB
Facility- PCA,579SmCLaun
Facility- Presidents Gate,PresGate
Facility- Pulse Media Full,110LarInt
Facility- Pulse Media Full,115LarExt
Facility- Pulse Media Limit,110LarInt
Facility- Pulse Media Limit,115LarExt
Facility- Winding Hil Cad Stu,311WH2CadR
Facility- Winding Hil Cad Stu,312WH2CadL
Facility- Winding Hill,300WHLob
Facility- Winding Hill,301WHFrExt
Facility- Winding Hill,302WHNExt
Facility- Winding Hill,303WH2Fr
Facility- Winding Hill,304WH2BK
Facility- Winding Hill,310WH2Ext
Facility- Winding Hill Cadaver,310WH2Ext
Facility- Winding Hill Cadaver,311WH2CadR
Facility- Winding Hill Cadaver,312WH2CadL
Facility- Winding Hill Cadaver,313WH2Stor
Facility- Winding Hill Student,300WHLob
Facility- Winding Hill Student,301WHFrExt
Facility- Winding Hill Student,302WHNExt
Facility- Winding Hill Student,303WH2Fr
Facility- Winding Hill Student,304WH2BK
Facility- Winding Hill Work St,300WHLob
Facility- Winding Hill Work St,301WHFrExt
Facility- Winding Hill Work St,302WHNExt
Facility- Winding Hill Work St,303WH2Fr
Facility- Winding Hill Work St,304WH2BK
Mellinger EIR plan,222 Mel AF
Mellinger EIR plan,223 Mel AB
Mellinger EIR plan,224 MelAFG
Mellinger EIR plan,225 Mel BF
Mellinger EIR plan,226 Mel BB
Mellinger EIR plan,227 Mel CF
Mellinger EIR plan,228 Mel CB
Mellinger EIR plan,521MV1MLob
Mellinger EIR plan,610SoGFRE
Mellinger EIR plan,611SoGRI
Mellinger EIR plan,612SoGIL
Mellinger EIR plan,613SoGEL
Mellinger EIR plan,614SoGIRSt
Mellinger EIR plan,615SoGRSt
Mellinger EIR plan,617So1Tunn
Mellinger EIR plan,618So1RRSt
Mellinger EIR plan,619So1LSt
Mellinger EIR plan,620So1LobM
Mellinger EIR plan,621So1LobI
Prayer Chapel,187 PrChap
RA- Bittner,516MVGDeck
RA- Bittner,517MVGPat
RA- Bittner,521MV1MLob
RA- Bittner,710 Bit GL
RA- Bittner,711 Bit GL
RA- Bittner,712 BitGLH
RA- Bittner,713 BitGRI
RA- Bittner,714 Bit GR
RA- Bittner,716 Bit L
RA- Bittner,717 Bit 1L
RA- Bittner,718 Bit R
RA- Bittner,719 Bit 1
RA- Bittner,720 Bit1
RA- Bittner,721 Bit 2L
RA- Bittner,722 Bit 2L
RA- Bittner,723 Bit 2R
RA- Bittner,724 Bit 3L
RA- Bittner,725 Bit 3L
RA- Bittner,726 Bit 3R
RA- Bittner,172 GrElev
RA- Bittner,173GLElev
RA- Bittner,176 GrGER
RA- Bittner,179 Gr1EF
RA- Bittner,180Gr1Lob2
RA- Bittner,190Gr1Lob1
RA- Bittner,199GrRElev
RA- breaks - checkout access,129 Na1AL
RA- breaks - checkout access,130 NaG AE
RA- breaks - checkout access,131 Na1 EB
RA- breaks - checkout access,132 Na1Lob
RA- breaks - checkout access,134 NaGACS
RA- breaks - checkout access,135 Na1ASt
RA- breaks - checkout access,136 Na1CSA
RA- breaks - checkout access,137 Na2ASt
RA- breaks - checkout access,138 Na2ACS
RA- breaks - checkout access,139 Na3ASt
RA- breaks - checkout access,140 Na3ACS
RA- breaks - checkout access,141 NaGBCS
RA- breaks - checkout access,142 NaGBSt
RA- breaks - checkout access,143 Na1BCS
RA- breaks - checkout access,144 Na1BSt
RA- breaks - checkout access,145 Na2BSt
RA- breaks - checkout access,146 Na2BCS
RA- breaks - checkout access,147 NA3BSt
RA- breaks - checkout access,148 Na3BCS
RA- breaks - checkout access,149 NaGAI
RA- breaks - checkout access,160 HesGER
RA- breaks - checkout access,161 HesGEL
RA- breaks - checkout access,162HsGETun
RA- breaks - checkout access,164 HesGIL
RA- breaks - checkout access,165 Hs1Lob
RA- breaks - checkout access,166 Hes1IR
RA- breaks - checkout access,167 Hes1IL
RA- breaks - checkout access,168 Hs2Lob
RA- breaks - checkout access,169 Hes1IL
RA- breaks - checkout access,170 Hs3Lob
RA- breaks - checkout access,171 Hs3IL
RA- breaks - checkout access,172 GrElev
RA- breaks - checkout access,173GLElev
RA- breaks - checkout access,174 HesGI
RA- breaks - checkout access,175 GrGBS
RA- breaks - checkout access,176 GrGER
RA- breaks - checkout access,177 GrGR
RA- breaks - checkout access,178 GrGI
RA- breaks - checkout access,179 Gr1EF
RA- breaks - checkout access,180Gr1Lob2
RA- breaks - checkout access,181 Gr1Lob
RA- breaks - checkout access,182 Gr1BS
RA- breaks - checkout access,183 Gr2Lob
RA- breaks - checkout access,184 Gr2BS
RA- breaks - checkout access,185 Gr3Lob
RA- breaks - checkout access,186 Gr3BS
RA- breaks - checkout access,188MilGBS
RA- breaks - checkout access,189MilGLob
RA- breaks - checkout access,190Gr1Lob1
RA- breaks - checkout access,191 MilGER
RA- breaks - checkout access,192 Mil1BS
RA- breaks - checkout access,193Mil1Lob
RA- breaks - checkout access,194 Mil2BS
RA- breaks - checkout access,195Mil2Lob
RA- breaks - checkout access,196 Mil3BS
RA- breaks - checkout access,198Mil3Lob
RA- breaks - checkout access,199GrRElev
RA- breaks - checkout access,201 Fry AF
RA- breaks - checkout access,202 Fry AB
RA- breaks - checkout access,203 FryAFG
RA- breaks - checkout access,204 Fry BF
RA- breaks - checkout access,205 Fry BB
RA- breaks - checkout access,206 Fry CF
RA- breaks - checkout access,207 Fry CB
RA- breaks - checkout access,208 Fry DF
RA- breaks - checkout access,209 Fry DB
RA- breaks - checkout access,211 KelAF
RA- breaks - checkout access,212 KelAB
RA- breaks - checkout access,213 Kel BF
RA- breaks - checkout access,214 Kel BB
RA- breaks - checkout access,215 Kel CF
RA- breaks - checkout access,216 Kel CB
RA- breaks - checkout access,217 KelCFG
RA- breaks - checkout access,222 Mel AF
RA- breaks - checkout access,223 Mel AB
RA- breaks - checkout access,224 MelAFG
RA- breaks - checkout access,225 Mel BF
RA- breaks - checkout access,226 Mel BB
RA- breaks - checkout access,227 Mel CF
RA- breaks - checkout access,228 Mel CB
RA- breaks - checkout access,510 MVB
RA- breaks - checkout access,511 MVGE
RA- breaks - checkout access,512 MVGES
RA- breaks - checkout access,513 MVGLob
RA- breaks - checkout access,514 MVGIS
RA- breaks - checkout access,516MVGDeck
RA- breaks - checkout access,517MVGPat
RA- breaks - checkout access,518MV1Lob
RA- breaks - checkout access,519MV1RI
RA- breaks - checkout access,520MV1ER
RA- breaks - checkout access,521MV1MLob
RA- breaks - checkout access,522 MV2RS
RA- breaks - checkout access,523 MV2Lob
RA- breaks - checkout access,524 MV3RS
RA- breaks - checkout access,525 MV3Lob
RA- breaks - checkout access,526 MV4Lob
RA- breaks - checkout access,527 MV4RS
RA- breaks - checkout access,540 WGBack
RA- breaks - checkout access,541W1BESt
RA- breaks - checkout access,543WLobM
RA- breaks - checkout access,544W1ASt
RA- breaks - checkout access,546W1ASt
RA- breaks - checkout access,547W2ACent
RA- breaks - checkout access,548W2AESt
RA- breaks - checkout access,549W3ACent
RA- breaks - checkout access,550W3AESt
RA- breaks - checkout access,551W4ACent
RA- breaks - checkout access,552W4AESt
RA- breaks - checkout access,553W1BESt
RA- breaks - checkout access,554W1BLob
RA- breaks - checkout access,555W2BESt
RA- breaks - checkout access,556W2BCent
RA- breaks - checkout access,557W3BESt
RA- breaks - checkout access,558W3BCent
RA- breaks - checkout access,559W4BSt
RA- breaks - checkout access,560W4BCent
RA- breaks - checkout access,561W1ALob
RA- breaks - checkout access,573 Sm BF
RA- breaks - checkout access,574SmBGHan
RA- breaks - checkout access,575 Sm BB
RA- breaks - checkout access,576 Sm CF
RA- breaks - checkout access,577 Sm CF
RA- breaks - checkout access,578 Sm CB
RA- breaks - checkout access,579SmCLaun
RA- breaks - checkout access,610SoGFRE
RA- breaks - checkout access,611SoGRI
RA- breaks - checkout access,612SoGIL
RA- breaks - checkout access,613SoGEL
RA- breaks - checkout access,614SoGIRSt
RA- breaks - checkout access,615SoGRSt
RA- breaks - checkout access,617So1Tunn
RA- breaks - checkout access,618So1RRSt
RA- breaks - checkout access,619So1LSt
RA- breaks - checkout access,620So1LobM
RA- breaks - checkout access,621So1LobI
RA- breaks - checkout access,622 Sol 2R
RA- breaks - checkout access,623So2Tunn
RA- breaks - checkout access,624So2BLSt
RA- breaks - checkout access,625So3Tunn
RA- breaks - checkout access,626So3RSt
RA- breaks - checkout access,627So3LSt
RA- breaks - checkout access,710 Bit GL
RA- breaks - checkout access,711 Bit GL
RA- breaks - checkout access,712 BitGLH
RA- breaks - checkout access,713 BitGRI
RA- breaks - checkout access,714 Bit GR
RA- breaks - checkout access,716 Bit L
RA- breaks - checkout access,717 Bit 1L
RA- breaks - checkout access,718 Bit R
RA- breaks - checkout access,719 Bit 1
RA- breaks - checkout access,720 Bit1
RA- breaks - checkout access,721 Bit 2L
RA- breaks - checkout access,722 Bit 2L
RA- breaks - checkout access,723 Bit 2R
RA- breaks - checkout access,724 Bit 3L
RA- breaks - checkout access,725 Bit 3L
RA- breaks - checkout access,726 Bit 3R
RA- Class Mt. View,511 MVGE
RA- Class Mt. View,512 MVGES
RA- Class Mt. View,513 MVGLob
RA- Class Mt. View,514 MVGIS
RA- Class Mt. View,520MV1ER
RA- Class Mt. View,521MV1MLob
RA- Entrances,130 NaG AE
RA- Entrances,131 Na1 EB
RA- Entrances,132 Na1Lob
RA- Entrances,160 HesGER
RA- Entrances,161 HesGEL
RA- Entrances,162HsGETun
RA- Entrances,172 GrElev
RA- Entrances,173GLElev
RA- Entrances,175 GrGBS
RA- Entrances,176 GrGER
RA- Entrances,179 Gr1EF
RA- Entrances,180Gr1Lob2
RA- Entrances,190Gr1Lob1
RA- Entrances,191 MilGER
RA- Entrances,199GrRElev
RA- Entrances,201 Fry AF
RA- Entrances,202 Fry AB
RA- Entrances,203 FryAFG
RA- Entrances,204 Fry BF
RA- Entrances,205 Fry BB
RA- Entrances,208 Fry DF
RA- Entrances,209 Fry DB
RA- Entrances,215 Kel CF
RA- Entrances,216 Kel CB
RA- Entrances,217 KelCFG
RA- Entrances,222 Mel AF
RA- Entrances,223 Mel AB
RA- Entrances,224 MelAFG
RA- Entrances,225 Mel BF
RA- Entrances,226 Mel BB
RA- Entrances,227 Mel CF
RA- Entrances,228 Mel CB
RA- Entrances,516MVGDeck
RA- Entrances,517MVGPat
RA- Entrances,521MV1MLob
RA- Entrances,540 WGBack
RA- Entrances,541W1BESt
RA- Entrances,543WLobM
RA- Entrances,544W1ASt
RA- Entrances,570 Sm AF
RA- Entrances,571 Sm AF
RA- Entrances,572 Sm AB
RA- Entrances,573 Sm BF
RA- Entrances,574SmBGHan
RA- Entrances,575 Sm BB
RA- Entrances,576 Sm CF
RA- Entrances,577 Sm CF
RA- Entrances,578 Sm CB
RA- Entrances,579SmCLaun
RA- Entrances,610SoGFRE
RA- Entrances,613SoGEL
RA- Entrances,615SoGRSt
RA- Entrances,620So1LobM
RA- Entrances,710 Bit GL
RA- Entrances,711 Bit GL
RA- Entrances,714 Bit GR
RA- Entrances,720 Bit1
RA- Entrances,511 MVGE
RA- Entrances,512 MVGES
RA- Entrances,520MV1ER
RA- Fry Apts,188MilGBS
RA- Fry Apts,189MilGLob
RA- Fry Apts,192 Mil1BS
RA- Fry Apts,193Mil1Lob
RA- Fry Apts,194 Mil2BS
RA- Fry Apts,195Mil2Lob
RA- Fry Apts,196 Mil3BS
RA- Fry Apts,198Mil3Lob
RA- Fry Apts,201 Fry AF
RA- Fry Apts,202 Fry AB
RA- Fry Apts,203 FryAFG
RA- Fry Apts,204 Fry BF
RA- Fry Apts,205 Fry BB
RA- Fry Apts,206 Fry CF
RA- Fry Apts,207 Fry CB
RA- Fry Apts,208 Fry DF
RA- Fry Apts,209 Fry DB
RA- Fry Apts,172 GrElev
RA- Fry Apts,173GLElev
RA- Fry Apts,176 GrGER
RA- Fry Apts,179 Gr1EF
RA- Fry Apts,180Gr1Lob2
RA- Fry Apts,190Gr1Lob1
RA- Fry Apts,199GrRElev
RA- Grantham,172 GrElev
RA- Grantham,173GLElev
RA- Grantham,175 GrGBS
RA- Grantham,176 GrGER
RA- Grantham,177 GrGR
RA- Grantham,178 GrGI
RA- Grantham,179 Gr1EF
RA- Grantham,180Gr1Lob2
RA- Grantham,181 Gr1Lob
RA- Grantham,182 Gr1BS
RA- Grantham,183 Gr2Lob
RA- Grantham,184 Gr2BS
RA- Grantham,185 Gr3Lob
RA- Grantham,186 Gr3BS
RA- Grantham,190Gr1Lob1
RA- Grantham,199GrRElev
RA- Hess,160 HesGER
RA- Hess,161 HesGEL
RA- Hess,162HsGETun
RA- Hess,164 HesGIL
RA- Hess,165 Hs1Lob
RA- Hess,166 Hes1IR
RA- Hess,167 Hes1IL
RA- Hess,168 Hs2Lob
RA- Hess,169 Hes1IL
RA- Hess,170 Hs3Lob
RA- Hess,171 Hs3IL
RA- Hess,172 GrElev
RA- Hess,173GLElev
RA- Hess,174 HesGI
RA- Hess,176 GrGER
RA- Hess,179 Gr1EF
RA- Hess,180Gr1Lob2
RA- Hess,190Gr1Lob1
RA- Hess,199GrRElev
RA- Hess,215 Kel CF
RA- Hess,216 Kel CB
RA- Hess,217 KelCFG
RA- Kelly,211 KelAF
RA- Kelly,212 KelAB
RA- Kelly,213 Kel BF
RA- Kelly,214 Kel BB
RA- Kelly,215 Kel CF
RA- Kelly,216 Kel CB
RA- Kelly,217 KelCFG
RA- Kelly.Hess,160 HesGER
RA- Kelly.Hess,161 HesGEL
RA- Kelly.Hess,162HsGETun
RA- Kelly.Hess,164 HesGIL
RA- Kelly.Hess,165 Hs1Lob
RA- Kelly.Hess,166 Hes1IR
RA- Kelly.Hess,167 Hes1IL
RA- Kelly.Hess,168 Hs2Lob
RA- Kelly.Hess,169 Hes1IL
RA- Kelly.Hess,170 Hs3Lob
RA- Kelly.Hess,171 Hs3IL
RA- Kelly.Hess,174 HesGI
RA- Kelly.Hess,211 KelAF
RA- Kelly.Hess,212 KelAB
RA- Kelly.Hess,213 Kel BF
RA- Kelly.Hess,214 Kel BB
RA- Kelly.Hess,215 Kel CF
RA- Kelly.Hess,216 Kel CB
RA- Kelly.Hess,217 KelCFG
RA- Kelly.Hess,172 GrElev
RA- Kelly.Hess,173GLElev
RA- Kelly.Hess,176 GrGER
RA- Kelly.Hess,179 Gr1EF
RA- Kelly.Hess,180Gr1Lob2
RA- Kelly.Hess,190Gr1Lob1
RA- Kelly.Hess,199GrRElev
RA- Mellinger,222 Mel AF
RA- Mellinger,223 Mel AB
RA- Mellinger,224 MelAFG
RA- Mellinger,225 Mel BF
RA- Mellinger,226 Mel BB
RA- Mellinger,227 Mel CF
RA- Mellinger,228 Mel CB
RA- Mellinger,215 Kel CF
RA- Mellinger,216 Kel CB
RA- Mellinger,217 KelCFG
RA- Mellinger.Solly,222 Mel AF
RA- Mellinger.Solly,223 Mel AB
RA- Mellinger.Solly,224 MelAFG
RA- Mellinger.Solly,225 Mel BF
RA- Mellinger.Solly,226 Mel BB
RA- Mellinger.Solly,227 Mel CF
RA- Mellinger.Solly,228 Mel CB
RA- Mellinger.Solly,610SoGFRE
RA- Mellinger.Solly,611SoGRI
RA- Mellinger.Solly,612SoGIL
RA- Mellinger.Solly,613SoGEL
RA- Mellinger.Solly,614SoGIRSt
RA- Mellinger.Solly,615SoGRSt
RA- Mellinger.Solly,617So1Tunn
RA- Mellinger.Solly,618So1RRSt
RA- Mellinger.Solly,619So1LSt
RA- Mellinger.Solly,620So1LobM
RA- Mellinger.Solly,621So1LobI
RA- Mellinger.Solly,622 Sol 2R
RA- Mellinger.Solly,623So2Tunn
RA- Mellinger.Solly,624So2BLSt
RA- Mellinger.Solly,625So3Tunn
RA- Mellinger.Solly,626So3RSt
RA- Mellinger.Solly,627So3LSt
RA- Mellinger.Solly,172 GrElev
RA- Mellinger.Solly,173GLElev
RA- Mellinger.Solly,176 GrGER
RA- Mellinger.Solly,179 Gr1EF
RA- Mellinger.Solly,180Gr1Lob2
RA- Mellinger.Solly,190Gr1Lob1
RA- Mellinger.Solly,199GrRElev
RA- Miller,172 GrElev
RA- Miller,173GLElev
RA- Miller,176 GrGER
RA- Miller,179 Gr1EF
RA- Miller,180Gr1Lob2
RA- Miller,188MilGBS
RA- Miller,189MilGLob
RA- Miller,190Gr1Lob1
RA- Miller,191 MilGER
RA- Miller,192 Mil1BS
RA- Miller,193Mil1Lob
RA- Miller,194 Mil2BS
RA- Miller,195Mil2Lob
RA- Miller,196 Mil3BS
RA- Miller,198Mil3Lob
RA- Miller,199GrRElev
RA- Miller,215 Kel CF
RA- Miller,216 Kel CB
RA- Miller,217 KelCFG
RA- Miller.Fry,188MilGBS
RA- Miller.Fry,189MilGLob
RA- Miller.Fry,191 MilGER
RA- Miller.Fry,192 Mil1BS
RA- Miller.Fry,193Mil1Lob
RA- Miller.Fry,194 Mil2BS
RA- Miller.Fry,195Mil2Lob
RA- Miller.Fry,196 Mil3BS
RA- Miller.Fry,198Mil3Lob
RA- Miller.Fry,201 Fry AF
RA- Miller.Fry,202 Fry AB
RA- Miller.Fry,203 FryAFG
RA- Miller.Fry,204 Fry BF
RA- Miller.Fry,205 Fry BB
RA- Miller.Fry,206 Fry CF
RA- Miller.Fry,207 Fry CB
RA- Miller.Fry,208 Fry DF
RA- Miller.Fry,209 Fry DB
RA- Miller.Fry,172 GrElev
RA- Miller.Fry,173GLElev
RA- Miller.Fry,175 GrGBS
RA- Miller.Fry,176 GrGER
RA- Miller.Fry,179 Gr1EF
RA- Miller.Fry,180Gr1Lob2
RA- Miller.Fry,190Gr1Lob1
RA- Miller.Fry,199GrRElev
RA- Mt.View,510 MVB
RA- Mt.View,511 MVGE
RA- Mt.View,512 MVGES
RA- Mt.View,513 MVGLob
RA- Mt.View,514 MVGIS
RA- Mt.View,516MVGDeck
RA- Mt.View,517MVGPat
RA- Mt.View,518MV1Lob
RA- Mt.View,519MV1RI
RA- Mt.View,520MV1ER
RA- Mt.View,521MV1MLob
RA- Mt.View,522 MV2RS
RA- Mt.View,523 MV2Lob
RA- Mt.View,524 MV3RS
RA- Mt.View,525 MV3Lob
RA- Mt.View,526 MV4Lob
RA- Mt.View,527 MV4RS
RA- Mt.View,172 GrElev
RA- Mt.View,173GLElev
RA- Mt.View,176 GrGER
RA- Mt.View,179 Gr1EF
RA- Mt.View,180Gr1Lob2
RA- Mt.View,190Gr1Lob1
RA- Mt.View,199GrRElev
RA- Naugle,129 Na1AL
RA- Naugle,130 NaG AE
RA- Naugle,131 Na1 EB
RA- Naugle,132 Na1Lob
RA- Naugle,134 NaGACS
RA- Naugle,135 Na1ASt
RA- Naugle,136 Na1CSA
RA- Naugle,137 Na2ASt
RA- Naugle,138 Na2ACS
RA- Naugle,139 Na3ASt
RA- Naugle,140 Na3ACS
RA- Naugle,141 NaGBCS
RA- Naugle,142 NaGBSt
RA- Naugle,143 Na1BCS
RA- Naugle,144 Na1BSt
RA- Naugle,145 Na2BSt
RA- Naugle,146 Na2BCS
RA- Naugle,147 NA3BSt
RA- Naugle,148 Na3BCS
RA- Naugle,149 NaGAI
RA- Naugle,172 GrElev
RA- Naugle,173GLElev
RA- Naugle,176 GrGER
RA- Naugle,179 Gr1EF
RA- Naugle,180Gr1Lob2
RA- Naugle,190Gr1Lob1
RA- Naugle,199GrRElev
RA- Smith,188MilGBS
RA- Smith,189MilGLob
RA- Smith,192 Mil1BS
RA- Smith,193Mil1Lob
RA- Smith,194 Mil2BS
RA- Smith,195Mil2Lob
RA- Smith,196 Mil3BS
RA- Smith,198Mil3Lob
RA- Smith,570 Sm AF
RA- Smith,571 Sm AF
RA- Smith,572 Sm AB
RA- Smith,573 Sm BF
RA- Smith,574SmBGHan
RA- Smith,575 Sm BB
RA- Smith,576 Sm CF
RA- Smith,577 Sm CF
RA- Smith,578 Sm CB
RA- Smith,579SmCLaun
RA- Smith,215 Kel CF
RA- Smith,216 Kel CB
RA- Smith,217 KelCFG
RA- Smith.Grantham,175 GrGBS
RA- Smith.Grantham,177 GrGR
RA- Smith.Grantham,178 GrGI
RA- Smith.Grantham,181 Gr1Lob
RA- Smith.Grantham,182 Gr1BS
RA- Smith.Grantham,183 Gr2Lob
RA- Smith.Grantham,184 Gr2BS
RA- Smith.Grantham,185 Gr3Lob
RA- Smith.Grantham,186 Gr3BS
RA- Smith.Grantham,215 Kel CF
RA- Smith.Grantham,570 Sm AF
RA- Smith.Grantham,571 Sm AF
RA- Smith.Grantham,572 Sm AB
RA- Smith.Grantham,573 Sm BF
RA- Smith.Grantham,574SmBGHan
RA- Smith.Grantham,575 Sm BB
RA- Smith.Grantham,576 Sm CF
RA- Smith.Grantham,577 Sm CF
RA- Smith.Grantham,578 Sm CB
RA- Smith.Grantham,579SmCLaun
RA- Smith.Grantham,172 GrElev
RA- Smith.Grantham,173GLElev
RA- Smith.Grantham,176 GrGER
RA- Smith.Grantham,179 Gr1EF
RA- Smith.Grantham,180Gr1Lob2
RA- Smith.Grantham,190Gr1Lob1
RA- Smith.Grantham,199GrRElev
RA- Sollenberger,516MVGDeck
RA- Sollenberger,517MVGPat
RA- Sollenberger,521MV1MLob
RA- Sollenberger,610SoGFRE
RA- Sollenberger,611SoGRI
RA- Sollenberger,612SoGIL
RA- Sollenberger,613SoGEL
RA- Sollenberger,614SoGIRSt
RA- Sollenberger,615SoGRSt
RA- Sollenberger,617So1Tunn
RA- Sollenberger,618So1RRSt
RA- Sollenberger,619So1LSt
RA- Sollenberger,620So1LobM
RA- Sollenberger,621So1LobI
RA- Sollenberger,622 Sol 2R
RA- Sollenberger,623So2Tunn
RA- Sollenberger,624So2BLSt
RA- Sollenberger,625So3Tunn
RA- Sollenberger,626So3RSt
RA- Sollenberger,627So3LSt
RA- Sollenberger,215 Kel CF
RA- Sollenberger,216 Kel CB
RA- Sollenberger,217 KelCFG
RA- Witmer,540 WGBack
RA- Witmer,541W1BESt
RA- Witmer,543WLobM
RA- Witmer,544W1ASt
RA- Witmer,546W1ASt
RA- Witmer,547W2ACent
RA- Witmer,548W2AESt
RA- Witmer,549W3ACent
RA- Witmer,550W3AESt
RA- Witmer,551W4ACent
RA- Witmer,552W4AESt
RA- Witmer,553W1BESt
RA- Witmer,554W1BLob
RA- Witmer,555W2BESt
RA- Witmer,556W2BCent
RA- Witmer,557W3BESt
RA- Witmer,558W3BCent
RA- Witmer,559W4BSt
RA- Witmer,560W4BCent
RA- Witmer,561W1ALob
RA- Witmer,172 GrElev
RA- Witmer,173GLElev
RA- Witmer,176 GrGER
RA- Witmer,179 Gr1EF
RA- Witmer,180Gr1Lob2
RA- Witmer,190Gr1Lob1
RA- Witmer,199GrRElev
Student- Academic Facility,163HesComp
Student- Academic Facility,432JorEnt
Student- Academic Facility,453BoyEntL
Student- Academic Facility,454BoEntCe
Student- Academic Facility,455BoyEntR
Student- Academic Facility,616SoGComp
Student- Academic Facility,736HighEnt
Student- Academic Facility,952Frey1M
Student- Academic Facility,955FinInt
Student- Bittner female,710 Bit GL
Student- Bittner female,711 Bit GL
Student- Bittner female,712 BitGLH
Student- Bittner female,713 BitGRI
Student- Bittner female,714 Bit GR
Student- Bittner female,720 Bit1
Student- Bittner female,721 Bit 2L
Student- Bittner female,722 Bit 2L
Student- Bittner female,723 Bit 2R
Student- Bittner male,710 Bit GL
Student- Bittner male,711 Bit GL
Student- Bittner male,714 Bit GR
Student- Bittner male,716 Bit L
Student- Bittner male,717 Bit 1L
Student- Bittner male,718 Bit R
Student- Bittner male,719 Bit 1
Student- Bittner male,720 Bit1
Student- Bittner male,724 Bit 3L
Student- Bittner male,725 Bit 3L
Student- Bittner male,726 Bit 3R
Student- Commuter Entrances,130 NaG AE
Student- Commuter Entrances,131 Na1 EB
Student- Commuter Entrances,132 Na1Lob
Student- Commuter Entrances,160 HesGER
Student- Commuter Entrances,161 HesGEL
Student- Commuter Entrances,162HsGETun
Student- Commuter Entrances,172 GrElev
Student- Commuter Entrances,173GLElev
Student- Commuter Entrances,175 GrGBS
Student- Commuter Entrances,176 GrGER
Student- Commuter Entrances,179 Gr1EF
Student- Commuter Entrances,180Gr1Lob2
Student- Commuter Entrances,190Gr1Lob1
Student- Commuter Entrances,191 MilGER
Student- Commuter Entrances,199GrRElev
Student- Commuter Entrances,511 MVGE
Student- Commuter Entrances,512 MVGES
Student- Commuter Entrances,516MVGDeck
Student- Commuter Entrances,517MVGPat
Student- Commuter Entrances,520MV1ER
Student- Commuter Entrances,521MV1MLob
Student- Commuter Entrances,540 WGBack
Student- Commuter Entrances,541W1BESt
Student- Commuter Entrances,543WLobM
Student- Commuter Entrances,544W1ASt
Student- Commuter Entrances,610SoGFRE
Student- Commuter Entrances,613SoGEL
Student- Commuter Entrances,615SoGRSt
Student- Commuter Entrances,620So1LobM
Student- Commuter Entrances,710 Bit GL
Student- Commuter Entrances,711 Bit GL
Student- Commuter Entrances,714 Bit GR
Student- Commuter Entrances,720 Bit1
Student- Commuter Entrances,227 Mel CF
Student- Commuter Lounge,513 MVGLob
Student- Commuter Lounge,514 MVGIS
Student- Commuter Lounge,515ComExt
Student- Commuter Lounge,528ComIn
Student- Fry Apts,201 Fry AF
Student- Fry Apts,202 Fry AB
Student- Fry Apts,203 FryAFG
Student- Fry Apts,204 Fry BF
Student- Fry Apts,205 Fry BB
Student- Fry Apts,206 Fry CF
Student- Fry Apts,207 Fry CB
Student- Fry Apts,208 Fry DF
Student- Fry Apts,209 Fry DB
Student- Grantham female,177 GrGR
Student- Grantham female,178 GrGI
Student- Grantham female,181 Gr1Lob
Student- Grantham female,182 Gr1BS
Student- Grantham female,183 Gr2Lob
Student- Grantham female,184 Gr2BS
Student- Grantham male,185 Gr3Lob
Student- Grantham male,186 Gr3BS
Student- Hess female,160 HesGER
Student- Hess female,161 HesGEL
Student- Hess female,162HsGETun
Student- Hess female,164 HesGIL
Student- Hess female,165 Hs1Lob
Student- Hess female,166 Hes1IR
Student- Hess female,167 Hes1IL
Student- Hess female,168 Hs2Lob
Student- Hess female,169 Hes1IL
Student- Hess male,160 HesGER
Student- Hess male,161 HesGEL
Student- Hess male,162HsGETun
Student- Hess male,164 HesGIL
Student- Hess male,170 Hs3Lob
Student- Hess male,171 Hs3IL
Student- Hess male,174 HesGI
Student- Kelly,211 KelAF
Student- Kelly,212 KelAB
Student- Kelly,213 Kel BF
Student- Kelly,214 Kel BB
Student- Kelly,215 Kel CF
Student- Kelly,216 Kel CB
Student- Kelly,217 KelCFG
Student- Mellinger,222 Mel AF
Student- Mellinger,223 Mel AB
Student- Mellinger,224 MelAFG
Student- Mellinger,225 Mel BF
Student- Mellinger,226 Mel BB
Student- Mellinger,227 Mel CF
Student- Mellinger,228 Mel CB
Student- Miller female,188MilGBS
Student- Miller female,189MilGLob
Student- Miller female,191 MilGER
Student- Miller female,194 Mil2BS
Student- Miller female,195Mil2Lob
Student- Miller male,191 MilGER
Student- Miller male,192 Mil1BS
Student- Miller male,193Mil1Lob
Student- Miller male,196 Mil3BS
Student- Miller male,198Mil3Lob
Student- Mt.View female,511 MVGE
Student- Mt.View female,512 MVGES
Student- Mt.View female,518MV1Lob
Student- Mt.View female,519MV1RI
Student- Mt.View female,520MV1ER
Student- Mt.View female,522 MV2RS
Student- Mt.View female,523 MV2Lob
Student- Mt.View female,526 MV4Lob
Student- Mt.View female,527 MV4RS
Student- Mt.View male,513 MVGLob
Student- Mt.View male,514 MVGIS
Student- Mt.View male,520MV1ER
Student- Mt.View male,524 MV3RS
Student- Mt.View male,525 MV3Lob
Student- Naugle female,130 NaG AE
Student- Naugle female,131 Na1 EB
Student- Naugle female,132 Na1Lob
Student- Naugle female,137 Na2ASt
Student- Naugle female,138 Na2ACS
Student- Naugle female,139 Na3ASt
Student- Naugle female,140 Na3ACS
Student- Naugle female,143 Na1BCS
Student- Naugle female,144 Na1BSt
Student- Naugle female,147 NA3BSt
Student- Naugle female,148 Na3BCS
Student- Naugle male,129 Na1AL
Student- Naugle male,130 NaG AE
Student- Naugle male,131 Na1 EB
Student- Naugle male,132 Na1Lob
Student- Naugle male,134 NaGACS
Student- Naugle male,135 Na1ASt
Student- Naugle male,136 Na1CSA
Student- Naugle male,141 NaGBCS
Student- Naugle male,142 NaGBSt
Student- Naugle male,145 Na2BSt
Student- Naugle male,146 Na2BCS
Student- Naugle male,149 NaGAI
Student- residence entrances,130 NaG AE
Student- residence entrances,131 Na1 EB
Student- residence entrances,132 Na1Lob
Student- residence entrances,160 HesGER
Student- residence entrances,161 HesGEL
Student- residence entrances,162HsGETun
Student- residence entrances,172 GrElev
Student- residence entrances,173GLElev
Student- residence entrances,175 GrGBS
Student- residence entrances,176 GrGER
Student- residence entrances,179 Gr1EF
Student- residence entrances,180Gr1Lob2
Student- residence entrances,190Gr1Lob1
Student- residence entrances,191 MilGER
Student- residence entrances,199GrRElev
Student- residence entrances,511 MVGE
Student- residence entrances,512 MVGES
Student- residence entrances,516MVGDeck
Student- residence entrances,517MVGPat
Student- residence entrances,520MV1ER
Student- residence entrances,521MV1MLob
Student- residence entrances,540 WGBack
Student- residence entrances,541W1BESt
Student- residence entrances,543WLobM
Student- residence entrances,544W1ASt
Student- residence entrances,610SoGFRE
Student- residence entrances,613SoGEL
Student- residence entrances,615SoGRSt
Student- residence entrances,620So1LobM
Student- residence entrances,710 Bit GL
Student- residence entrances,711 Bit GL
Student- residence entrances,714 Bit GR
Student- residence entrances,720 Bit1
Student- residence entrances,187 PrChap
Student- residence entrances,227 Mel CF
Student- Smith,573 Sm BF
Student- Smith,574SmBGHan
Student- Smith,575 Sm BB
Student- Smith,576 Sm CF
Student- Smith,577 Sm CF
Student- Smith,578 Sm CB
Student- Smith,579SmCLaun
Student- Sollenberger female,610SoGFRE
Student- Sollenberger female,613SoGEL
Student- Sollenberger female,615SoGRSt
Student- Sollenberger female,617So1Tunn
Student- Sollenberger female,618So1RRSt
Student- Sollenberger female,619So1LSt
Student- Sollenberger female,620So1LobM
Student- Sollenberger female,621So1LobI
Student- Sollenberger female,622 Sol 2R
Student- Sollenberger female,623So2Tunn
Student- Sollenberger female,624So2BLSt
Student- Sollenberger male,610SoGFRE
Student- Sollenberger male,611SoGRI
Student- Sollenberger male,612SoGIL
Student- Sollenberger male,613SoGEL
Student- Sollenberger male,614SoGIRSt
Student- Sollenberger male,615SoGRSt
Student- Sollenberger male,620So1LobM
Student- Sollenberger male,625So3Tunn
Student- Sollenberger male,626So3RSt
Student- Sollenberger male,627So3LSt
Student- Solly entrance,620So1LobM
Student- visitation,201 Fry AF
Student- visitation,202 Fry AB
Student- visitation,203 FryAFG
Student- visitation,204 Fry BF
Student- visitation,205 Fry BB
Student- visitation,206 Fry CF
Student- visitation,207 Fry CB
Student- visitation,208 Fry DF
Student- visitation,209 Fry DB
Student- visitation,211 KelAF
Student- visitation,212 KelAB
Student- visitation,213 Kel BF
Student- visitation,214 Kel BB
Student- visitation,215 Kel CF
Student- visitation,216 Kel CB
Student- visitation,217 KelCFG
Student- visitation,222 Mel AF
Student- visitation,223 Mel AB
Student- visitation,224 MelAFG
Student- visitation,225 Mel BF
Student- visitation,226 Mel BB
Student- visitation,227 Mel CF
Student- visitation,228 Mel CB
Student- visitation,129 Na1AL
Student- visitation,134 NaGACS
Student- visitation,135 Na1ASt
Student- visitation,136 Na1CSA
Student- visitation,137 Na2ASt
Student- visitation,138 Na2ACS
Student- visitation,139 Na3ASt
Student- visitation,140 Na3ACS
Student- visitation,141 NaGBCS
Student- visitation,142 NaGBSt
Student- visitation,143 Na1BCS
Student- visitation,144 Na1BSt
Student- visitation,145 Na2BSt
Student- visitation,146 Na2BCS
Student- visitation,147 NA3BSt
Student- visitation,148 Na3BCS
Student- visitation,149 NaGAI
Student- visitation,546W1ASt
Student- visitation,547W2ACent
Student- visitation,548W2AESt
Student- visitation,549W3ACent
Student- visitation,550W3AESt
Student- visitation,551W4ACent
Student- visitation,552W4AESt
Student- visitation,553W1BESt
Student- visitation,554W1BLob
Student- visitation,561W1ALob
Student- visitation,712 BitGLH
Student- visitation,713 BitGRI
Student- visitation,716 Bit L
Student- visitation,717 Bit 1L
Student- visitation,718 Bit R
Student- visitation,719 Bit 1
Student- visitation,721 Bit 2L
Student- visitation,722 Bit 2L
Student- visitation,723 Bit 2R
Student- visitation,724 Bit 3L
Student- visitation,725 Bit 3L
Student- visitation,726 Bit 3R
Student- visitation,164 HesGIL
Student- visitation,165 Hs1Lob
Student- visitation,166 Hes1IR
Student- visitation,167 Hes1IL
Student- visitation,168 Hs2Lob
Student- visitation,169 Hes1IL
Student- visitation,170 Hs3Lob
Student- visitation,171 Hs3IL
Student- visitation,174 HesGI
Student- visitation,177 GrGR
Student- visitation,178 GrGI
Student- visitation,181 Gr1Lob
Student- visitation,182 Gr1BS
Student- visitation,183 Gr2Lob
Student- visitation,184 Gr2BS
Student- visitation,185 Gr3Lob
Student- visitation,186 Gr3BS
Student- visitation,188MilGBS
Student- visitation,189MilGLob
Student- visitation,192 Mil1BS
Student- visitation,193Mil1Lob
Student- visitation,194 Mil2BS
Student- visitation,195Mil2Lob
Student- visitation,196 Mil3BS
Student- visitation,198Mil3Lob
Student- visitation,513 MVGLob
Student- visitation,514 MVGIS
Student- visitation,518MV1Lob
Student- visitation,519MV1RI
Student- visitation,522 MV2RS
Student- visitation,523 MV2Lob
Student- visitation,524 MV3RS
Student- visitation,525 MV3Lob
Student- visitation,526 MV4Lob
Student- visitation,527 MV4RS
Student- visitation,555W2BESt
Student- visitation,556W2BCent
Student- visitation,557W3BESt
Student- visitation,558W3BCent
Student- visitation,559W4BSt
Student- visitation,560W4BCent
Student- visitation,573 Sm BF
Student- visitation,574SmBGHan
Student- visitation,575 Sm BB
Student- visitation,576 Sm CF
Student- visitation,577 Sm CF
Student- visitation,578 Sm CB
Student- visitation,579SmCLaun
Student- visitation,611SoGRI
Student- visitation,612SoGIL
Student- visitation,614SoGIRSt
Student- visitation,617So1Tunn
Student- visitation,618So1RRSt
Student- visitation,619So1LSt
Student- visitation,621So1LobI
Student- visitation,622 Sol 2R
Student- visitation,623So2Tunn
Student- visitation,624So2BLSt
Student- visitation,625So3Tunn
Student- visitation,626So3RSt
Student- visitation,627So3LSt
Student- Witmer Entrance,540 WGBack
Student- Witmer Entrance,541W1BESt
Student- Witmer Entrance,543WLobM
Student- Witmer Entrance,544W1ASt
Student- Witmer female,540 WGBack
Student- Witmer female,541W1BESt
Student- Witmer female,543WLobM
Student- Witmer female,544W1ASt
Student- Witmer female,547W2ACent
Student- Witmer female,548W2AESt
Student- Witmer female,549W3ACent
Student- Witmer female,550W3AESt
Student- Witmer female,551W4ACent
Student- Witmer female,552W4AESt
Student- Witmer female,555W2BESt
Student- Witmer female,556W2BCent
Student- Witmer female,559W4BSt
Student- Witmer female,560W4BCent
Student- Witmer male,540 WGBack
Student- Witmer male,541W1BESt
Student- Witmer male,543WLobM
Student- Witmer male,544W1ASt
Student- Witmer male,546W1ASt
Student- Witmer male,553W1BESt
Student- Witmer male,554W1BLob
Student- Witmer male,557W3BESt
Student- Witmer male,558W3BCent
Student- Witmer male,561W1ALob
Summer-  Fry,201 Fry AF
Summer-  Fry,202 Fry AB
Summer-  Fry,203 FryAFG
Summer-  Fry,204 Fry BF
Summer-  Fry,205 Fry BB
Summer-  Fry,206 Fry CF
Summer-  Fry,207 Fry CB
Summer-  Fry,208 Fry DF
Summer-  Fry,209 Fry DB
Summer-  Naugle entrances,130 NaG AE
Summer-  Naugle entrances,131 Na1 EB
Summer-  Naugle entrances,132 Na1Lob
Summer- Bittner Male,516MVGDeck
Summer- Bittner Male,517MVGPat
Summer- Bittner Male,521MV1MLob
Summer- Bittner Male,710 Bit GL
Summer- Bittner Male,711 Bit GL
Summer- Bittner Male,714 Bit GR
Summer- Bittner Male,716 Bit L
Summer- Bittner Male,717 Bit 1L
Summer- Bittner Male,718 Bit R
Summer- Bittner Male,719 Bit 1
Summer- Bittner Male,720 Bit1
Summer- Garden,511 MVGE
Summer- Garden,512 MVGES
Summer- Hess,160 HesGER
Summer- Hess,161 HesGEL
Summer- Hess,162HsGETun
Summer- Hess,164 HesGIL
Summer- Hess,172 GrElev
Summer- Hess,173GLElev
Summer- Hess,174 HesGI
Summer- Hess,176 GrGER
Summer- Hess,179 Gr1EF
Summer- Hess,180Gr1Lob2
Summer- Hess,190Gr1Lob1
Summer- Hess,199GrRElev
Summer- Hess,165 Hs1Lob
Summer- Hess,166 Hes1IR
Summer- Hess,167 Hes1IL
Summer- Hess,168 Hs2Lob
Summer- Hess,169 Hes1IL
Summer- Hess,170 Hs3Lob
Summer- Hess,171 Hs3IL
Summer- Kelly,221KelComm
Summer- Kelly,211 KelAF
Summer- Kelly,212 KelAB
Summer- Kelly,213 Kel BF
Summer- Kelly,214 Kel BB
Summer- Kelly,215 Kel CF
Summer- Kelly,216 Kel CB
Summer- Kelly,217 KelCFG
Summer- Mellinger,224 MelAFG
Summer- Mellinger,222 Mel AF
Summer- Mellinger,223 Mel AB
Summer- Mellinger,225 Mel BF
Summer- Mellinger,226 Mel BB
Summer- Mellinger,227 Mel CF
Summer- Mellinger,228 Mel CB
Summer- Miller Male,172 GrElev
Summer- Miller Male,173GLElev
Summer- Miller Male,176 GrGER
Summer- Miller Male,179 Gr1EF
Summer- Miller Male,180Gr1Lob2
Summer- Miller Male,188MilGBS
Summer- Miller Male,189MilGLob
Summer- Miller Male,190Gr1Lob1
Summer- Miller Male,191 MilGER
Summer- Miller Male,199GrRElev
Summer- Naugle female,130 NaG AE
Summer- Naugle female,131 Na1 EB
Summer- Naugle female,132 Na1Lob
Summer- Naugle female,137 Na2ASt
Summer- Naugle female,138 Na2ACS
Summer- Naugle female,139 Na3ASt
Summer- Naugle female,140 Na3ACS
Summer- Naugle female,141 NaGBCS
Summer- Naugle female,142 NaGBSt
Summer- Naugle female,143 Na1BCS
Summer- Naugle female,144 Na1BSt
Summer- Naugle male,130 NaG AE
Summer- Naugle male,131 Na1 EB
Summer- Naugle male,132 Na1Lob
Summer- Naugle male,134 NaGACS
Summer- Naugle male,135 Na1ASt
Summer- Naugle male,136 Na1CSA
Summer- Naugle male,145 Na2BSt
Summer- Naugle male,146 Na2BCS
Summer- Naugle male,147 NA3BSt
Summer- Naugle male,148 Na3BCS
Summer- Naugle male,149 NaGAI
Summer- Smith C,576 Sm CF
Summer- Smith C,578 Sm CB
Summer- Solly Female,516MVGDeck
Summer- Solly Female,517MVGPat
Summer- Solly Female,521MV1MLob
Summer- Solly Female,610SoGFRE
Summer- Solly Female,611SoGRI
Summer- Solly Female,612SoGIL
Summer- Solly Female,613SoGEL
Summer- Solly Female,614SoGIRSt
Summer- Solly Female,615SoGRSt
Summer- Solly Female,620So1LobM
Summer- Student Facility,161 HesGEL
Summer- Student Facility,163HesComp
Summer- Witmer temp female,540 WGBack
Summer- Witmer temp female,541W1BESt
Summer- Witmer temp female,543WLobM
Summer- Witmer temp female,544W1ASt
Summer- Witmer temp female,551W4ACent
Summer- Witmer temp female,552W4AESt
Summer- Witmer temp female,559W4BSt
Summer- Witmer temp female,560W4BCent
Summer- Witmer temp male,540 WGBack
Summer- Witmer temp male,541W1BESt
Summer- Witmer temp male,543WLobM
Summer- Witmer temp male,544W1ASt
Summer- Witmer temp male,549W3ACent
Summer- Witmer temp male,550W3AESt
Summer- Witmer temp male,557W3BESt
Summer- Witmer temp male,558W3BCent
Work Study- Female,130 NaG AE
Work Study- Female,131 Na1 EB
Work Study- Female,132 Na1Lob
Work Study- Female,160 HesGER
Work Study- Female,161 HesGEL
Work Study- Female,162HsGETun
Work Study- Female,175 GrGBS
Work Study- Female,179 Gr1EF
Work Study- Female,180Gr1Lob2
Work Study- Female,190Gr1Lob1
Work Study- Female,191 MilGER
Work Study- Female,511 MVGE
Work Study- Female,512 MVGES
Work Study- Female,516MVGDeck
Work Study- Female,517MVGPat
Work Study- Female,520MV1ER
Work Study- Female,521MV1MLob
Work Study- Female,540 WGBack
Work Study- Female,541W1BESt
Work Study- Female,543WLobM
Work Study- Female,544W1ASt
Work Study- Female,610SoGFRE
Work Study- Female,613SoGEL
Work Study- Female,615SoGRSt
Work Study- Female,620So1LobM
Work Study- Female,710 Bit GL
Work Study- Female,711 Bit GL
Work Study- Female,714 Bit GR
Work Study- Female,720 Bit1
Work Study- Female,137 Na2ASt
Work Study- Female,138 Na2ACS
Work Study- Female,139 Na3ASt
Work Study- Female,140 Na3ACS
Work Study- Female,143 Na1BCS
Work Study- Female,144 Na1BSt
Work Study- Female,147 NA3BSt
Work Study- Female,148 Na3BCS
Work Study- Female,165 Hs1Lob
Work Study- Female,166 Hes1IR
Work Study- Female,167 Hes1IL
Work Study- Female,168 Hs2Lob
Work Study- Female,169 Hes1IL
Work Study- Female,172 GrElev
Work Study- Female,173GLElev
Work Study- Female,176 GrGER
Work Study- Female,177 GrGR
Work Study- Female,178 GrGI
Work Study- Female,181 Gr1Lob
Work Study- Female,182 Gr1BS
Work Study- Female,183 Gr2Lob
Work Study- Female,184 Gr2BS
Work Study- Female,188MilGBS
Work Study- Female,189MilGLob
Work Study- Female,194 Mil2BS
Work Study- Female,195Mil2Lob
Work Study- Female,199GrRElev
Work Study- Female,201 Fry AF
Work Study- Female,202 Fry AB
Work Study- Female,203 FryAFG
Work Study- Female,204 Fry BF
Work Study- Female,205 Fry BB
Work Study- Female,206 Fry CF
Work Study- Female,207 Fry CB
Work Study- Female,208 Fry DF
Work Study- Female,209 Fry DB
Work Study- Female,211 KelAF
Work Study- Female,212 KelAB
Work Study- Female,213 Kel BF
Work Study- Female,214 Kel BB
Work Study- Female,215 Kel CF
Work Study- Female,216 Kel CB
Work Study- Female,217 KelCFG
Work Study- Female,222 Mel AF
Work Study- Female,223 Mel AB
Work Study- Female,224 MelAFG
Work Study- Female,225 Mel BF
Work Study- Female,226 Mel BB
Work Study- Female,227 Mel CF
Work Study- Female,228 Mel CB
Work Study- Female,518MV1Lob
Work Study- Female,519MV1RI
Work Study- Female,522 MV2RS
Work Study- Female,523 MV2Lob
Work Study- Female,526 MV4Lob
Work Study- Female,527 MV4RS
Work Study- Female,546W1ASt
Work Study- Female,547W2ACent
Work Study- Female,548W2AESt
Work Study- Female,549W3ACent
Work Study- Female,550W3AESt
Work Study- Female,553W1BESt
Work Study- Female,554W1BLob
Work Study- Female,555W2BESt
Work Study- Female,556W2BCent
Work Study- Female,559W4BSt
Work Study- Female,560W4BCent
Work Study- Female,570 Sm AF
Work Study- Female,571 Sm AF
Work Study- Female,572 Sm AB
Work Study- Female,573 Sm BF
Work Study- Female,574SmBGHan
Work Study- Female,575 Sm BB
Work Study- Female,576 Sm CF
Work Study- Female,577 Sm CF
Work Study- Female,578 Sm CB
Work Study- Female,579SmCLaun
Work Study- Female,622 Sol 2R
Work Study- Female,623So2Tunn
Work Study- Female,624So2BLSt
Work Study- Female,625So3Tunn
Work Study- Female,626So3RSt
Work Study- Female,627So3LSt
Work Study- Female,712 BitGLH
Work Study- Female,713 BitGRI
Work Study- Female,721 Bit 2L
Work Study- Female,722 Bit 2L
Work Study- Female,723 Bit 2R
Work Study- Male,130 NaG AE
Work Study- Male,131 Na1 EB
Work Study- Male,132 Na1Lob
Work Study- Male,160 HesGER
Work Study- Male,161 HesGEL
Work Study- Male,162HsGETun
Work Study- Male,175 GrGBS
Work Study- Male,180Gr1Lob2
Work Study- Male,190Gr1Lob1
Work Study- Male,191 MilGER
Work Study- Male,511 MVGE
Work Study- Male,512 MVGES
Work Study- Male,520MV1ER
Work Study- Male,540 WGBack
Work Study- Male,541W1BESt
Work Study- Male,543WLobM
Work Study- Male,544W1ASt
Work Study- Male,610SoGFRE
Work Study- Male,710 Bit GL
Work Study- Male,711 Bit GL
Work Study- Male,714 Bit GR
Work Study- Male,720 Bit1
Work Study- Male,129 Na1AL
Work Study- Male,134 NaGACS
Work Study- Male,135 Na1ASt
Work Study- Male,136 Na1CSA
Work Study- Male,141 NaGBCS
Work Study- Male,142 NaGBSt
Work Study- Male,145 Na2BSt
Work Study- Male,146 Na2BCS
Work Study- Male,149 NaGAI
Work Study- Male,164 HesGIL
Work Study- Male,170 Hs3Lob
Work Study- Male,171 Hs3IL
Work Study- Male,172 GrElev
Work Study- Male,173GLElev
Work Study- Male,174 HesGI
Work Study- Male,176 GrGER
Work Study- Male,179 Gr1EF
Work Study- Male,185 Gr3Lob
Work Study- Male,186 Gr3BS
Work Study- Male,192 Mil1BS
Work Study- Male,193Mil1Lob
Work Study- Male,196 Mil3BS
Work Study- Male,198Mil3Lob
Work Study- Male,199GrRElev
Work Study- Male,201 Fry AF
Work Study- Male,202 Fry AB
Work Study- Male,203 FryAFG
Work Study- Male,204 Fry BF
Work Study- Male,205 Fry BB
Work Study- Male,206 Fry CF
Work Study- Male,207 Fry CB
Work Study- Male,208 Fry DF
Work Study- Male,209 Fry DB
Work Study- Male,211 KelAF
Work Study- Male,212 KelAB
Work Study- Male,213 Kel BF
Work Study- Male,214 Kel BB
Work Study- Male,215 Kel CF
Work Study- Male,216 Kel CB
Work Study- Male,217 KelCFG
Work Study- Male,222 Mel AF
Work Study- Male,223 Mel AB
Work Study- Male,224 MelAFG
Work Study- Male,225 Mel BF
Work Study- Male,226 Mel BB
Work Study- Male,227 Mel CF
Work Study- Male,228 Mel CB
Work Study- Male,513 MVGLob
Work Study- Male,514 MVGIS
Work Study- Male,516MVGDeck
Work Study- Male,517MVGPat
Work Study- Male,521MV1MLob
Work Study- Male,524 MV3RS
Work Study- Male,525 MV3Lob
Work Study- Male,551W4ACent
Work Study- Male,552W4AESt
Work Study- Male,557W3BESt
Work Study- Male,558W3BCent
Work Study- Male,561W1ALob
Work Study- Male,570 Sm AF
Work Study- Male,571 Sm AF
Work Study- Male,572 Sm AB
Work Study- Male,573 Sm BF
Work Study- Male,574SmBGHan
Work Study- Male,575 Sm BB
Work Study- Male,576 Sm CF
Work Study- Male,577 Sm CF
Work Study- Male,578 Sm CB
Work Study- Male,579SmCLaun
Work Study- Male,611SoGRI
Work Study- Male,612SoGIL
Work Study- Male,613SoGEL
Work Study- Male,614SoGIRSt
Work Study- Male,615SoGRSt
Work Study- Male,617So1Tunn
Work Study- Male,618So1RRSt
Work Study- Male,619So1LSt
Work Study- Male,620So1LobM
Work Study- Male,621So1LobI
Work Study- Male,716 Bit L
Work Study- Male,717 Bit 1L
Work Study- Male,718 Bit R
Work Study- Male,719 Bit 1
Work Study- Male,724 Bit 3L
Work Study- Male,725 Bit 3L
Work Study- Male,726 Bit 3R
Work Study- Summer- AWC,150AWCLob
Work Study- Summer- AWC,151AWCRear
Work Study- Summer Residence,129 Na1AL
Work Study- Summer Residence,130 NaG AE
Work Study- Summer Residence,131 Na1 EB
Work Study- Summer Residence,132 Na1Lob
Work Study- Summer Residence,134 NaGACS
Work Study- Summer Residence,135 Na1ASt
Work Study- Summer Residence,136 Na1CSA
Work Study- Summer Residence,137 Na2ASt
Work Study- Summer Residence,138 Na2ACS
Work Study- Summer Residence,139 Na3ASt
Work Study- Summer Residence,140 Na3ACS
Work Study- Summer Residence,141 NaGBCS
Work Study- Summer Residence,142 NaGBSt
Work Study- Summer Residence,143 Na1BCS
Work Study- Summer Residence,144 Na1BSt
Work Study- Summer Residence,145 Na2BSt
Work Study- Summer Residence,146 Na2BCS
Work Study- Summer Residence,147 NA3BSt
Work Study- Summer Residence,148 Na3BCS
Work Study- Summer Residence,149 NaGAI
Work Study- Summer Residence,160 HesGER
Work Study- Summer Residence,161 HesGEL
Work Study- Summer Residence,162HsGETun
Work Study- Summer Residence,164 HesGIL
Work Study- Summer Residence,165 Hs1Lob
Work Study- Summer Residence,166 Hes1IR
Work Study- Summer Residence,167 Hes1IL
Work Study- Summer Residence,168 Hs2Lob
Work Study- Summer Residence,169 Hes1IL
Work Study- Summer Residence,170 Hs3Lob
Work Study- Summer Residence,171 Hs3IL
Work Study- Summer Residence,172 GrElev
Work Study- Summer Residence,173GLElev
Work Study- Summer Residence,174 HesGI
Work Study- Summer Residence,175 GrGBS
Work Study- Summer Residence,176 GrGER
Work Study- Summer Residence,177 GrGR
Work Study- Summer Residence,178 GrGI
Work Study- Summer Residence,179 Gr1EF
Work Study- Summer Residence,180Gr1Lob2
Work Study- Summer Residence,181 Gr1Lob
Work Study- Summer Residence,182 Gr1BS
Work Study- Summer Residence,183 Gr2Lob
Work Study- Summer Residence,184 Gr2BS
Work Study- Summer Residence,185 Gr3Lob
Work Study- Summer Residence,186 Gr3BS
Work Study- Summer Residence,188MilGBS
Work Study- Summer Residence,189MilGLob
Work Study- Summer Residence,190Gr1Lob1
Work Study- Summer Residence,191 MilGER
Work Study- Summer Residence,192 Mil1BS
Work Study- Summer Residence,193Mil1Lob
Work Study- Summer Residence,194 Mil2BS
Work Study- Summer Residence,195Mil2Lob
Work Study- Summer Residence,196 Mil3BS
Work Study- Summer Residence,198Mil3Lob
Work Study- Summer Residence,199GrRElev
Work Study- Summer Residence,201 Fry AF
Work Study- Summer Residence,202 Fry AB
Work Study- Summer Residence,203 FryAFG
Work Study- Summer Residence,204 Fry BF
Work Study- Summer Residence,205 Fry BB
Work Study- Summer Residence,206 Fry CF
Work Study- Summer Residence,207 Fry CB
Work Study- Summer Residence,208 Fry DF
Work Study- Summer Residence,209 Fry DB
Work Study- Summer Residence,211 KelAF
Work Study- Summer Residence,212 KelAB
Work Study- Summer Residence,213 Kel BF
Work Study- Summer Residence,214 Kel BB
Work Study- Summer Residence,215 Kel CF
Work Study- Summer Residence,216 Kel CB
Work Study- Summer Residence,217 KelCFG
Work Study- Summer Residence,222 Mel AF
Work Study- Summer Residence,223 Mel AB
Work Study- Summer Residence,224 MelAFG
Work Study- Summer Residence,225 Mel BF
Work Study- Summer Residence,226 Mel BB
Work Study- Summer Residence,227 Mel CF
Work Study- Summer Residence,228 Mel CB
Work Study- Summer Residence,510 MVB
Work Study- Summer Residence,511 MVGE
Work Study- Summer Residence,512 MVGES
Work Study- Summer Residence,513 MVGLob
Work Study- Summer Residence,514 MVGIS
Work Study- Summer Residence,516MVGDeck
Work Study- Summer Residence,517MVGPat
Work Study- Summer Residence,518MV1Lob
Work Study- Summer Residence,519MV1RI
Work Study- Summer Residence,520MV1ER
Work Study- Summer Residence,521MV1MLob
Work Study- Summer Residence,522 MV2RS
Work Study- Summer Residence,523 MV2Lob
Work Study- Summer Residence,524 MV3RS
Work Study- Summer Residence,525 MV3Lob
Work Study- Summer Residence,526 MV4Lob
Work Study- Summer Residence,527 MV4RS
Work Study- Summer Residence,540 WGBack
Work Study- Summer Residence,541W1BESt
Work Study- Summer Residence,543WLobM
Work Study- Summer Residence,544W1ASt
Work Study- Summer Residence,546W1ASt
Work Study- Summer Residence,547W2ACent
Work Study- Summer Residence,548W2AESt
Work Study- Summer Residence,549W3ACent
Work Study- Summer Residence,550W3AESt
Work Study- Summer Residence,551W4ACent
Work Study- Summer Residence,552W4AESt
Work Study- Summer Residence,553W1BESt
Work Study- Summer Residence,554W1BLob
Work Study- Summer Residence,555W2BESt
Work Study- Summer Residence,556W2BCent
Work Study- Summer Residence,557W3BESt
Work Study- Summer Residence,558W3BCent
Work Study- Summer Residence,559W4BSt
Work Study- Summer Residence,560W4BCent
Work Study- Summer Residence,561W1ALob
Work Study- Summer Residence,570 Sm AF
Work Study- Summer Residence,571 Sm AF
Work Study- Summer Residence,572 Sm AB
Work Study- Summer Residence,573 Sm BF
Work Study- Summer Residence,574SmBGHan
Work Study- Summer Residence,575 Sm BB
Work Study- Summer Residence,576 Sm CF
Work Study- Summer Residence,577 Sm CF
Work Study- Summer Residence,578 Sm CB
Work Study- Summer Residence,579SmCLaun
Work Study- Summer Residence,610SoGFRE
Work Study- Summer Residence,611SoGRI
Work Study- Summer Residence,612SoGIL
Work Study- Summer Residence,613SoGEL
Work Study- Summer Residence,614SoGIRSt
Work Study- Summer Residence,615SoGRSt
Work Study- Summer Residence,617So1Tunn
Work Study- Summer Residence,618So1RRSt
Work Study- Summer Residence,619So1LSt
Work Study- Summer Residence,620So1LobM
Work Study- Summer Residence,621So1LobI
Work Study- Summer Residence,622 Sol 2R
Work Study- Summer Residence,623So2Tunn
Work Study- Summer Residence,624So2BLSt
Work Study- Summer Residence,625So3Tunn
Work Study- Summer Residence,626So3RSt
Work Study- Summer Residence,627So3LSt
Work Study- Summer Residence,710 Bit GL
Work Study- Summer Residence,711 Bit GL
Work Study- Summer Residence,712 BitGLH
Work Study- Summer Residence,713 BitGRI
Work Study- Summer Residence,714 Bit GR
Work Study- Summer Residence,716 Bit L
Work Study- Summer Residence,717 Bit 1L
Work Study- Summer Residence,718 Bit R
Work Study- Summer Residence,719 Bit 1
Work Study- Summer Residence,720 Bit1
Work Study- Summer Residence,721 Bit 2L
Work Study- Summer Residence,722 Bit 2L
Work Study- Summer Residence,723 Bit 2R
Work Study- Summer Residence,724 Bit 3L
Work Study- Summer Residence,725 Bit 3L
Work Study- Summer Residence,726 Bit 3R
